db_size,noise_level,n_queries,top1_exact_accuracy,top1_family_accuracy,top3_exact_accuracy,top3_family_accuracy,mean_target_rank,median_target_rank,false_match_rate,mean_margin,mean_cost_reduction,mean_speedup_proxy,mean_actual_cache_ms
25,0.0,24,1.0,1.0,1.0,1.0,1.0,1.0,0.0,0.2298159111178949,0.9129476439533767,11.487355939432852,3.016920458283797
25,0.1,24,1.0,1.0,1.0,1.0,1.0,1.0,0.0,0.22050740208113487,0.9129467120633546,11.487232665271115,3.066182249957213
25,0.25,24,0.9583333333333334,1.0,0.9583333333333334,1.0,1.2083333333333333,1.0,0.0,0.13701886746535066,0.9129417667185966,11.48658060130884,2.9824247917531466
25,0.4,24,0.875,0.9166666666666666,1.0,1.0,1.1666666666666667,1.0,0.08333333333333333,0.13680455649115802,0.9129307708694312,11.485130936384387,2.7845212083548176
50,0.0,28,1.0,1.0,1.0,1.0,1.0,1.0,0.0,0.1922032853077551,0.9315698205567894,14.686956053283746,5.592183821363506
50,0.1,28,1.0,1.0,1.0,1.0,1.0,1.0,0.0,0.15623863728626539,0.9318958096214258,14.757541321806562,5.743226892881077
50,0.25,28,0.9642857142857143,1.0,1.0,1.0,1.0357142857142858,1.0,0.0,0.10801465642817501,0.9316321366671696,14.7048733597582,5.792334750010143
50,0.4,28,0.75,0.9642857142857143,0.9642857142857143,1.0,1.4642857142857142,1.0,0.03571428571428571,0.07165135200758366,0.9315318750862721,14.675507029839796,5.426119999940836
100,0.0,28,1.0,1.0,1.0,1.0,1.0,1.0,0.0,0.13012269552365363,0.9396686605787162,16.75878234084642,9.999211535744378
100,0.1,28,1.0,1.0,1.0,1.0,1.0,1.0,0.0,0.09661260634424322,0.9435701492091602,17.995902797318514,11.773038607121375
100,0.25,28,0.7857142857142857,1.0,0.9285714285714286,1.0,1.3571428571428572,1.0,0.0,0.07221724524935323,0.9406376419992892,17.047958365041016,9.583164392876954
100,0.4,28,0.6785714285714286,0.9642857142857143,0.7857142857142857,0.9642857142857143,2.7857142857142856,1.0,0.03571428571428571,0.05445799400132827,0.9405385417978432,17.023981251012188,10.708523928574973
