db_size,noise_level,query_index,target_id,target_family,target_expr,query_expr,query_len,target_len,top1_id,top1_family,top1_expr,top1_exact,top1_family_correct,top3_exact,top3_family_correct,target_rank,top_score,second_score,margin,false_match,baseline_cost_proxy,cache_cost_proxy,cost_reduction,speedup_proxy,actual_cache_ms
25,0.0,0,C002_circle_center,metric,( x - a ) ^ 2 + ( y - b ) ^ 2 = r ^ 2,( x - a ) ^ 2 + ( y - b ) ^ 2 = r ^ 2,19,19,C002_circle_center,metric,( x - a ) ^ 2 + ( y - b ) ^ 2 = r ^ 2,True,True,True,True,1,0.9999999999999999,0.6167373760889913,0.3832626239110086,False,694.0,60.25,0.9131844380403458,11.518672199170124,6.317510999906517
25,0.0,1,C023_ratio_c_z_s_13,ratio,c ÷ z = s,c ÷ z = s,5,5,C023_ratio_c_z_s_13,ratio,c ÷ z = s,True,True,True,True,1,0.9999999999999999,0.754833202634644,0.24516679736535585,False,330.0,28.75,0.9128787878787878,11.478260869565217,2.3491160000048694
25,0.0,2,C015_root_F_E_v_5,root,F = √ ( E ^ 2 + v ^ 2 ),F = √ ( E ^ 2 + v ^ 2 ),12,12,C015_root_F_E_v_5,root,F = √ ( E ^ 2 + v ^ 2 ),True,True,True,True,1,0.9999999999999999,0.8093375735567755,0.1906624264432244,False,511.99999999999994,44.5,0.9130859375,11.505617977528088,4.388252999888209
25,0.0,3,C019_lin_b_c_m_9,linear,b + c = m,b + c = m,5,5,C019_lin_b_c_m_9,linear,b + c = m,True,True,True,True,1,0.9999999999999999,0.7100284561612779,0.28997154383872203,False,330.0,28.75,0.9128787878787878,11.478260869565217,2.3840090007070103
25,0.0,4,C010_lin_r_v_z_0,linear,r + v = z,r + v = z,5,5,C010_lin_r_v_z_0,linear,r + v = z,True,True,True,True,1,1.0,0.6662002396527547,0.33379976034724534,False,330.0,28.75,0.9128787878787878,11.478260869565217,2.384245000030205
25,0.0,5,C016_area_p_6,geometry,A = π p ^ 2,A = π p ^ 2,6,6,C016_area_p_6,geometry,A = π p ^ 2,True,True,True,True,1,1.0,0.9189133309818142,0.08108666901818584,False,356.0,31.0,0.9129213483146067,11.483870967741936,2.6855830001295544
25,0.0,6,C008_division_zero,omega,x ÷ 0,x ÷ 0,3,3,C008_division_zero,omega,x ÷ 0,True,True,True,True,1,0.9999999999999999,0.5238243229051939,0.476175677094806,False,278.0,24.25,0.9127697841726619,11.463917525773196,1.7158439995910157
25,0.0,7,C025_area_y_15,geometry,A = π y ^ 2,A = π y ^ 2,6,6,C025_area_y_15,geometry,A = π y ^ 2,True,True,True,True,1,1.0,0.9263411736689761,0.07365882633102394,False,356.0,31.0,0.9129213483146067,11.483870967741936,2.608628999951179
25,0.0,8,C006_derivative_square,calculus,d/dx x ^ 2 = 2 × x,d/dx x ^ 2 = 2 × x,8,8,C006_derivative_square,calculus,d/dx x ^ 2 = 2 × x,True,True,True,True,1,0.9999999999999999,0.6916974595035386,0.30830254049646133,False,408.0,35.5,0.9129901960784313,11.492957746478874,3.14690800041717
25,0.0,9,C001_pythagorean,metric,x ^ 2 + y ^ 2 = r ^ 2,x ^ 2 + y ^ 2 = r ^ 2,11,11,C001_pythagorean,metric,x ^ 2 + y ^ 2 = r ^ 2,True,True,True,True,1,1.0,0.8930403605019356,0.10695963949806442,False,486.0,42.25,0.9130658436213992,11.502958579881657,3.9284150007006247
25,0.0,10,C003_energy,physics,E = m c ^ 2,E = m c ^ 2,6,6,C003_energy,physics,E = m c ^ 2,True,True,True,True,1,0.9999999999999999,0.773177699449356,0.2268223005506439,False,356.0,31.0,0.9129213483146067,11.483870967741936,2.560206999987713
25,0.0,11,C022_pow2_b_m_a_12,power,b ^ 2 + m ^ 2 = a ^ 2,b ^ 2 + m ^ 2 = a ^ 2,11,11,C022_pow2_b_m_a_12,power,b ^ 2 + m ^ 2 = a ^ 2,True,True,True,True,1,0.9999999999999999,0.8635300044233089,0.13646999557669104,False,486.0,42.25,0.9130658436213992,11.502958579881657,4.121910999856482
25,0.0,12,C013_pow2_p_r_x_3,power,p ^ 2 + r ^ 2 = x ^ 2,p ^ 2 + r ^ 2 = x ^ 2,11,11,C013_pow2_p_r_x_3,power,p ^ 2 + r ^ 2 = x ^ 2,True,True,True,True,1,0.9999999999999999,0.8930403605019356,0.10695963949806431,False,486.0,42.25,0.9130658436213992,11.502958579881657,4.084188999513572
25,0.0,13,C024_root_z_c_d_14,root,z = √ ( c ^ 2 + d ^ 2 ),z = √ ( c ^ 2 + d ^ 2 ),12,12,C024_root_z_c_d_14,root,z = √ ( c ^ 2 + d ^ 2 ),True,True,True,True,1,0.9999999999999999,0.8093375735567755,0.1906624264432244,False,511.99999999999994,44.5,0.9130859375,11.505617977528088,4.370078999272664
25,0.0,14,C017_phys_a_t_7,physics,F = a t,F = a t,4,4,C017_phys_a_t_7,physics,F = a t,True,True,True,True,1,1.0,0.8227997704451581,0.17720022955484194,False,304.0,26.5,0.912828947368421,11.471698113207546,2.1513319998121005
25,0.0,15,C004_force,physics,F = m a,F = m a,4,4,C004_force,physics,F = m a,True,True,True,True,1,1.0,0.8227997704451581,0.17720022955484194,False,304.0,26.5,0.912828947368421,11.471698113207546,1.9927490002373816
25,0.0,16,C007_integral_x,calculus,∫ x = x ^ 2 ÷ 2,∫ x = x ^ 2 ÷ 2,8,8,C007_integral_x,calculus,∫ x = x ^ 2 ÷ 2,True,True,True,True,1,0.9999999999999999,0.7263190374260469,0.273680962573953,False,408.0,35.5,0.9129901960784313,11.492957746478874,3.1439049998880364
25,0.0,17,C021_solve_E_7_7_11,simple_solve,E + 7 = 7,E + 7 = 7,5,5,C021_solve_E_7_7_11,simple_solve,E + 7 = 7,True,True,True,True,1,1.0,0.7554565795433665,0.24454342045663346,False,330.0,28.75,0.9128787878787878,11.478260869565217,2.3769449999235803
25,0.0,18,C005_area_circle,geometry,A = π r ^ 2,A = π r ^ 2,6,6,C005_area_circle,geometry,A = π r ^ 2,True,True,True,True,1,1.0,0.9263411736689761,0.07365882633102394,False,356.0,31.0,0.9129213483146067,11.483870967741936,2.6316660005250014
25,0.0,19,C012_solve_z_8_9_2,simple_solve,z + 8 = 9,z + 8 = 9,5,5,C012_solve_z_8_9_2,simple_solve,z + 8 = 9,True,True,True,True,1,0.9999999999999999,0.7554565795433665,0.24454342045663335,False,330.0,28.75,0.9128787878787878,11.478260869565217,2.2829299996374175
25,0.0,20,C014_ratio_q_d_F_4,ratio,q ÷ d = F,q ÷ d = F,5,5,C014_ratio_q_d_F_4,ratio,q ÷ d = F,True,True,True,True,1,0.9999999999999999,0.754833202634644,0.24516679736535585,False,330.0,28.75,0.9128787878787878,11.478260869565217,2.2793019998061936
25,0.0,21,C020_lin_re_E_t_F_10,linear,E = F - t,E = F - t,5,5,C020_lin_re_E_t_F_10,linear,E = F - t,True,True,True,True,1,0.9999999999999999,0.6565624384960244,0.34343756150397553,False,330.0,28.75,0.9128787878787878,11.478260869565217,2.268791999995301
25,0.0,22,C018_poly_s_p_c_8,polynomial,s ^ 2 + p × s + c = 0,s ^ 2 + p × s + c = 0,11,11,C018_poly_s_p_c_8,polynomial,s ^ 2 + p × s + c = 0,True,True,True,True,1,0.9999999999999999,0.7485552174862528,0.25144478251374713,False,486.0,42.25,0.9130658436213992,11.502958579881657,3.9497609996033134
25,0.0,23,C011_lin_re_p_x_q_1,linear,p = q - x,p = q - x,5,5,C011_lin_re_p_x_q_1,linear,p = q - x,True,True,True,True,1,0.9999999999999999,0.66525522989425,0.3347447701057499,False,330.0,28.75,0.9128787878787878,11.478260869565217,2.283809999426012
25,0.1,0,C021_solve_E_7_7_11,simple_solve,E + 7 = 7,E + 7 = 7,5,5,C021_solve_E_7_7_11,simple_solve,E + 7 = 7,True,True,True,True,1,1.0,0.7554565795433665,0.24454342045663346,False,330.0,28.75,0.9128787878787878,11.478260869565217,2.2653329997410765
25,0.1,1,C001_pythagorean,metric,x ^ 2 + y ^ 2 = r ^ 2,x ^ 2 + y ^ 2 = r ^ 2,11,11,C001_pythagorean,metric,x ^ 2 + y ^ 2 = r ^ 2,True,True,True,True,1,1.0,0.8930403605019356,0.10695963949806442,False,486.0,42.25,0.9130658436213992,11.502958579881657,3.8342069992722827
25,0.1,2,C012_solve_z_8_9_2,simple_solve,z + 8 = 9,z + 8 = 9,5,5,C012_solve_z_8_9_2,simple_solve,z + 8 = 9,True,True,True,True,1,0.9999999999999999,0.7554565795433665,0.24454342045663335,False,330.0,28.75,0.9128787878787878,11.478260869565217,2.337566000278457
25,0.1,3,C024_root_z_c_d_14,root,z = √ ( c ^ 2 + d ^ 2 ),z = √ ( c ^ 2 + d ^ ? ),12,12,C024_root_z_c_d_14,root,z = √ ( c ^ 2 + d ^ 2 ),True,True,True,True,1,0.9123993779902292,0.7252469510832774,0.18715242690695177,False,511.99999999999994,44.5,0.9130859375,11.505617977528088,4.210894000607368
25,0.1,4,C014_ratio_q_d_F_4,ratio,q ÷ d = F,q ÷ ? = F,5,5,C014_ratio_q_d_F_4,ratio,q ÷ d = F,True,True,True,True,1,0.7806507057065976,0.6434100272044943,0.1372406785021033,False,330.0,28.75,0.9128787878787878,11.478260869565217,2.214077999269648
25,0.1,5,C013_pow2_p_r_x_3,power,p ^ 2 + r ^ 2 = x ^ 2,p 2 + r ^ 2 = x ^ 2,10,11,C013_pow2_p_r_x_3,power,p ^ 2 + r ^ 2 = x ^ 2,True,True,True,True,1,0.945780673659936,0.8133176743457163,0.13246299931421968,False,460.0,40.0,0.9130434782608696,11.5,3.6342750008770963
25,0.1,6,C025_area_y_15,geometry,A = π y ^ 2,A = π y ^ ?,6,6,C025_area_y_15,geometry,A = π y ^ 2,True,True,True,True,1,0.8599070554692541,0.7906844414872021,0.06922261398205198,False,356.0,31.0,0.9129213483146067,11.483870967741936,2.5040799991984386
25,0.1,7,C022_pow2_b_m_a_12,power,b ^ 2 + m ^ 2 = a ^ 2,b ^ 2 + m ^ 2 = a ^ 2,11,11,C022_pow2_b_m_a_12,power,b ^ 2 + m ^ 2 = a ^ 2,True,True,True,True,1,0.9999999999999999,0.8635300044233089,0.13646999557669104,False,486.0,42.25,0.9130658436213992,11.502958579881657,3.904998000507476
25,0.1,8,C015_root_F_E_v_5,root,F = √ ( E ^ 2 + v ^ 2 ),F = √ ( E ^ 2 + v ^ 2 ),12,12,C015_root_F_E_v_5,root,F = √ ( E ^ 2 + v ^ 2 ),True,True,True,True,1,0.9999999999999999,0.8093375735567755,0.1906624264432244,False,511.99999999999994,44.5,0.9130859375,11.505617977528088,4.175177999968582
25,0.1,9,C006_derivative_square,calculus,d/dx x ^ 2 = 2 × x,d/dx x ^ ? = 2 × x,8,8,C006_derivative_square,calculus,d/dx x ^ 2 = 2 × x,True,True,True,True,1,0.8964174541878913,0.6307142065465778,0.2657032476413135,False,408.0,35.5,0.9129901960784313,11.492957746478874,2.948099000604998
25,0.1,10,C002_circle_center,metric,( x - a ) ^ 2 + ( y - b ) ^ 2 = r ^ 2,( x - a ) ^ 2 + ( y - b ) ^ 2 = r ^ 2,19,19,C002_circle_center,metric,( x - a ) ^ 2 + ( y - b ) ^ 2 = r ^ 2,True,True,True,True,1,0.9999999999999999,0.6167373760889913,0.3832626239110086,False,694.0,60.25,0.9131844380403458,11.518672199170124,6.190938999679929
25,0.1,11,C023_ratio_c_z_s_13,ratio,c ÷ z = s,c ÷ z = s,5,5,C023_ratio_c_z_s_13,ratio,c ÷ z = s,True,True,True,True,1,0.9999999999999999,0.754833202634644,0.24516679736535585,False,330.0,28.75,0.9128787878787878,11.478260869565217,2.335442999537918
25,0.1,12,C016_area_p_6,geometry,A = π p ^ 2,A = π p ^ 2,6,6,C016_area_p_6,geometry,A = π p ^ 2,True,True,True,True,1,1.0,0.9189133309818142,0.08108666901818584,False,356.0,31.0,0.9129213483146067,11.483870967741936,3.6878889995932695
25,0.1,13,C005_area_circle,geometry,A = π r ^ 2,? = π r ^ 2,6,6,C005_area_circle,geometry,A = π r ^ 2,True,True,True,True,1,0.8891628962960751,0.8228199714576383,0.06634292483843685,False,356.0,31.0,0.9129213483146067,11.483870967741936,2.519532999940566
25,0.1,14,C011_lin_re_p_x_q_1,linear,p = q - x,p = q - x,5,5,C011_lin_re_p_x_q_1,linear,p = q - x,True,True,True,True,1,0.9999999999999999,0.66525522989425,0.3347447701057499,False,330.0,28.75,0.9128787878787878,11.478260869565217,2.768680999906792
25,0.1,15,C007_integral_x,calculus,∫ x = x ^ 2 ÷ 2,∫ x = x ^ 2 ÷ 2,8,8,C007_integral_x,calculus,∫ x = x ^ 2 ÷ 2,True,True,True,True,1,0.9999999999999999,0.7263190374260469,0.273680962573953,False,408.0,35.5,0.9129901960784313,11.492957746478874,3.5048230001848424
25,0.1,16,C018_poly_s_p_c_8,polynomial,s ^ 2 + p × s + c = 0,s ^ 2 + p × s + c = 0,11,11,C018_poly_s_p_c_8,polynomial,s ^ 2 + p × s + c = 0,True,True,True,True,1,0.9999999999999999,0.7485552174862528,0.25144478251374713,False,486.0,42.25,0.9130658436213992,11.502958579881657,4.314630000408215
25,0.1,17,C010_lin_r_v_z_0,linear,r + v = z,r + v = z,5,5,C010_lin_r_v_z_0,linear,r + v = z,True,True,True,True,1,1.0,0.6662002396527547,0.33379976034724534,False,330.0,28.75,0.9128787878787878,11.478260869565217,2.498931999980414
25,0.1,18,C004_force,physics,F = m a,F = m a,4,4,C004_force,physics,F = m a,True,True,True,True,1,1.0,0.8227997704451581,0.17720022955484194,False,304.0,26.5,0.912828947368421,11.471698113207546,2.1463009998115012
25,0.1,19,C019_lin_b_c_m_9,linear,b + c = m,b + c = m,5,5,C019_lin_b_c_m_9,linear,b + c = m,True,True,True,True,1,0.9999999999999999,0.7100284561612779,0.28997154383872203,False,330.0,28.75,0.9128787878787878,11.478260869565217,2.572788000179571
25,0.1,20,C008_division_zero,omega,x ÷ 0,x ÷ 0,3,3,C008_division_zero,omega,x ÷ 0,True,True,True,True,1,0.9999999999999999,0.5238243229051939,0.476175677094806,False,278.0,24.25,0.9127697841726619,11.463917525773196,1.8616890001794673
25,0.1,21,C017_phys_a_t_7,physics,F = a t,F = a t,4,4,C017_phys_a_t_7,physics,F = a t,True,True,True,True,1,1.0,0.8227997704451581,0.17720022955484194,False,304.0,26.5,0.912828947368421,11.471698113207546,2.153454999643145
25,0.1,22,C003_energy,physics,E = m c ^ 2,E = m c ^ 2,6,6,C003_energy,physics,E = m c ^ 2,True,True,True,True,1,0.9999999999999999,0.773177699449356,0.2268223005506439,False,356.0,31.0,0.9129213483146067,11.483870967741936,2.680143000361568
25,0.1,23,C020_lin_re_E_t_F_10,linear,E = F - t,E = F - ?,5,5,C020_lin_re_E_t_F_10,linear,E = F - t,True,True,True,True,1,0.880987272478232,0.6206697625764203,0.2603175099018118,False,330.0,28.75,0.9128787878787878,11.478260869565217,2.32441999924049
25,0.25,0,C022_pow2_b_m_a_12,power,b ^ 2 + m ^ 2 = a ^ 2,b ^ 2 + m ^ 2 = a ^ ?,11,11,C022_pow2_b_m_a_12,power,b ^ 2 + m ^ 2 = a ^ 2,True,True,True,True,1,0.8041937572868976,0.7139562059379624,0.09023755134893519,False,486.0,42.25,0.9130658436213992,11.502958579881657,4.1160129994750605
25,0.25,1,C011_lin_re_p_x_q_1,linear,p = q - x,p = q - ?,5,5,C011_lin_re_p_x_q_1,linear,p = q - x,True,True,True,True,1,0.8417084239512195,0.6118932475022691,0.22981517644895033,False,330.0,28.75,0.9128787878787878,11.478260869565217,2.361189000112063
25,0.25,2,C016_area_p_6,geometry,A = π p ^ 2,A = π ? ^ 2,6,6,C016_area_p_6,geometry,A = π p ^ 2,True,True,True,True,1,0.8919919903296828,0.8872229519352203,0.004769038394462521,False,356.0,31.0,0.9129213483146067,11.483870967741936,2.791498000078718
25,0.25,3,C007_integral_x,calculus,∫ x = x ^ 2 ÷ 2,∫ ? = ? 2 ÷,6,8,C007_integral_x,calculus,∫ x = x ^ 2 ÷ 2,True,True,True,True,1,0.6409496349233403,0.6366222192597906,0.004327415663549772,False,356.0,31.0,0.9129213483146067,11.483870967741936,2.663018000021111
25,0.25,4,C014_ratio_q_d_F_4,ratio,q ÷ d = F,? ÷ ? = F,5,5,C014_ratio_q_d_F_4,ratio,q ÷ d = F,True,True,True,True,1,0.7355455033300096,0.6684105612918423,0.06713494203816728,False,330.0,28.75,0.9128787878787878,11.478260869565217,2.3146749999796157
25,0.25,5,C020_lin_re_E_t_F_10,linear,E = F - t,? = F - ?,5,5,C020_lin_re_E_t_F_10,linear,E = F - t,True,True,True,True,1,0.7938871757299433,0.6215151485885946,0.1723720271413487,False,330.0,28.75,0.9128787878787878,11.478260869565217,3.5901080000257934
25,0.25,6,C004_force,physics,F = m a,F = ? a,4,4,C004_force,physics,F = m a,True,True,True,True,1,0.8583178118267962,0.7590048945695007,0.09931291725729552,False,304.0,26.5,0.912828947368421,11.471698113207546,1.969087000361469
25,0.25,7,C015_root_F_E_v_5,root,F = √ ( E ^ 2 + v ^ 2 ),F = √ ( E ^ 2 + v ^ ? ),12,12,C015_root_F_E_v_5,root,F = √ ( E ^ 2 + v ^ 2 ),True,True,True,True,1,0.8682406374266238,0.7924142900160098,0.075826347410614,False,511.99999999999994,44.5,0.9130859375,11.505617977528088,4.301251000470074
25,0.25,8,C006_derivative_square,calculus,d/dx x ^ 2 = 2 × x,d/dx x ^ 2 = ? × ?,8,8,C006_derivative_square,calculus,d/dx x ^ 2 = 2 × x,True,True,True,True,1,0.7215612056710347,0.6729033039354304,0.04865790173560425,False,408.0,35.5,0.9129901960784313,11.492957746478874,3.1002229998193798
25,0.25,9,C008_division_zero,omega,x ÷ 0,x ÷ 0,3,3,C008_division_zero,omega,x ÷ 0,True,True,True,True,1,0.9999999999999999,0.5238243229051939,0.476175677094806,False,278.0,24.25,0.9127697841726619,11.463917525773196,1.7014180002661305
25,0.25,10,C025_area_y_15,geometry,A = π y ^ 2,A = π y ^ 2,6,6,C025_area_y_15,geometry,A = π y ^ 2,True,True,True,True,1,1.0,0.9263411736689761,0.07365882633102394,False,356.0,31.0,0.9129213483146067,11.483870967741936,2.6681819999794243
25,0.25,11,C018_poly_s_p_c_8,polynomial,s ^ 2 + p × s + c = 0,s ^ 2 + ? × s + c = 0,11,11,C018_poly_s_p_c_8,polynomial,s ^ 2 + p × s + c = 0,True,True,True,True,1,0.909253331726182,0.6942166210636396,0.21503671066254237,False,486.0,42.25,0.9130658436213992,11.502958579881657,3.942342000300414
25,0.25,12,C012_solve_z_8_9_2,simple_solve,z + 8 = 9,z + 8 = ?,5,5,C012_solve_z_8_9_2,simple_solve,z + 8 = 9,True,True,True,True,1,0.7015704231026284,0.6993192564414519,0.002251166661176529,False,330.0,28.75,0.9128787878787878,11.478260869565217,2.5064910005312413
25,0.25,13,C005_area_circle,geometry,A = π r ^ 2,A = π r ^ 2,6,6,C005_area_circle,geometry,A = π r ^ 2,True,True,True,True,1,1.0,0.9263411736689761,0.07365882633102394,False,356.0,31.0,0.9129213483146067,11.483870967741936,2.5248850006391876
25,0.25,14,C021_solve_E_7_7_11,simple_solve,E + 7 = 7,E + 7 = 7,5,5,C021_solve_E_7_7_11,simple_solve,E + 7 = 7,True,True,True,True,1,1.0,0.7554565795433665,0.24454342045663346,False,330.0,28.75,0.9128787878787878,11.478260869565217,2.3478869998143637
25,0.25,15,C013_pow2_p_r_x_3,power,p ^ 2 + r ^ 2 = x ^ 2,p ^ 2 + ? ^ 2 = x ^ 2,11,11,C013_pow2_p_r_x_3,power,p ^ 2 + r ^ 2 = x ^ 2,True,True,True,True,1,0.9027392935560534,0.8079667139027048,0.09477257965334862,False,486.0,42.25,0.9130658436213992,11.502958579881657,3.9331680000032065
25,0.25,16,C003_energy,physics,E = m c ^ 2,? = m ? ^ 2,6,6,C003_energy,physics,E = m c ^ 2,True,True,True,True,1,0.8282658682620813,0.7521555849209206,0.07611028334116066,False,356.0,31.0,0.9129213483146067,11.483870967741936,2.4370399996769265
25,0.25,17,C017_phys_a_t_7,physics,F = a t,? = ? ?,4,4,C004_force,physics,F = m a,False,True,False,True,6,0.6496240505651527,0.5894944015824279,0.06012964898272477,False,304.0,26.5,0.912828947368421,11.471698113207546,1.803168000151345
25,0.25,18,C024_root_z_c_d_14,root,z = √ ( c ^ 2 + d ^ 2 ),z = √ ( ? ^ ? + d ^ ? ),12,12,C024_root_z_c_d_14,root,z = √ ( c ^ 2 + d ^ 2 ),True,True,True,True,1,0.8374127061038472,0.6846811812838496,0.15273152481999763,False,511.99999999999994,44.5,0.9130859375,11.505617977528088,4.162492999967071
25,0.25,19,C002_circle_center,metric,( x - a ) ^ 2 + ( y - b ) ^ 2 = r ^ 2,( x - a ) ^ 2 + ( y - b ) ^ 2 = r ^ ?,19,19,C002_circle_center,metric,( x - a ) ^ 2 + ( y - b ) ^ 2 = r ^ 2,True,True,True,True,1,0.9164725528835258,0.5354244101519342,0.3810481427315916,False,694.0,60.25,0.9131844380403458,11.518672199170124,5.999601999974402
25,0.25,20,C001_pythagorean,metric,x ^ 2 + y ^ 2 = r ^ 2,x ^ 2 + y ^ 2 = r ^,10,11,C001_pythagorean,metric,x ^ 2 + y ^ 2 = r ^ 2,True,True,True,True,1,0.8607538153463669,0.850711575425951,0.010042239920415863,False,460.0,40.0,0.9130434782608696,11.5,3.5557569999582483
25,0.25,21,C010_lin_r_v_z_0,linear,r + v = z,r ? = z,4,5,C010_lin_r_v_z_0,linear,r + v = z,True,True,True,True,1,0.7649439851057765,0.6642418715668111,0.10070211353896541,False,304.0,26.5,0.912828947368421,11.471698113207546,2.027176000410691
25,0.25,22,C019_lin_b_c_m_9,linear,b + c = m,b + c = m,5,5,C019_lin_b_c_m_9,linear,b + c = m,True,True,True,True,1,0.9999999999999999,0.7100284561612779,0.28997154383872203,False,330.0,28.75,0.9128787878787878,11.478260869565217,2.4390859998675296
25,0.25,23,C023_ratio_c_z_s_13,ratio,c ÷ z = s,c ÷ z = s,5,5,C023_ratio_c_z_s_13,ratio,c ÷ z = s,True,True,True,True,1,0.9999999999999999,0.754833202634644,0.24516679736535585,False,330.0,28.75,0.9128787878787878,11.478260869565217,2.322438000192051
25,0.4,0,C015_root_F_E_v_5,root,F = √ ( E ^ 2 + v ^ 2 ),F = √ ( ? ^ 2 + v ^ ? ),12,12,C015_root_F_E_v_5,root,F = √ ( E ^ 2 + v ^ 2 ),True,True,True,True,1,0.8581527251896692,0.7943022788234468,0.06385044636622239,False,511.99999999999994,44.5,0.9130859375,11.505617977528088,4.101667999748315
25,0.4,1,C023_ratio_c_z_s_13,ratio,c ÷ z = s,? ÷ z = ?,5,5,C023_ratio_c_z_s_13,ratio,c ÷ z = s,True,True,True,True,1,0.7856252950373579,0.7448783169608859,0.040746978076471985,False,330.0,28.75,0.9128787878787878,11.478260869565217,2.1408689999589114
25,0.4,2,C025_area_y_15,geometry,A = π y ^ 2,A = π y ^ ?,6,6,C025_area_y_15,geometry,A = π y ^ 2,True,True,True,True,1,0.8599070554692541,0.7906844414872021,0.06922261398205198,False,356.0,31.0,0.9129213483146067,11.483870967741936,2.473336000548443
25,0.4,3,C013_pow2_p_r_x_3,power,p ^ 2 + r ^ 2 = x ^ 2,? ^ 2 + r ^ 2 = ? 2,10,11,C013_pow2_p_r_x_3,power,p ^ 2 + r ^ 2 = x ^ 2,True,True,True,True,1,0.79490698809383,0.7243135499468475,0.07059343814698249,False,460.0,40.0,0.9130434782608696,11.5,3.501586000311363
25,0.4,4,C005_area_circle,geometry,A = π r ^ 2,? = π r 2,5,6,C005_area_circle,geometry,A = π r ^ 2,True,True,True,True,1,0.7831390000433015,0.7192378501757425,0.06390114986755902,False,330.0,28.75,0.9128787878787878,11.478260869565217,2.256241999930353
25,0.4,5,C018_poly_s_p_c_8,polynomial,s ^ 2 + p × s + c = 0,s ^ 2 + p × ? + ? = 0,11,11,C018_poly_s_p_c_8,polynomial,s ^ 2 + p × s + c = 0,True,True,True,True,1,0.8963065804132831,0.7017067276197043,0.19459985279357883,False,486.0,42.25,0.9130658436213992,11.502958579881657,3.7664009996660752
25,0.4,6,C022_pow2_b_m_a_12,power,b ^ 2 + m ^ 2 = a ^ 2,? ^ + m ^ 2 = a ^ 2,10,11,C022_pow2_b_m_a_12,power,b ^ 2 + m ^ 2 = a ^ 2,True,True,True,True,1,0.8233262033355679,0.7802218529762925,0.0431043503592754,False,460.0,40.0,0.9130434782608696,11.5,3.5417379995124065
25,0.4,7,C007_integral_x,calculus,∫ x = x ^ 2 ÷ 2,∫ ? = ? ^ 2 ÷ 2,8,8,C007_integral_x,calculus,∫ x = x ^ 2 ÷ 2,True,True,True,True,1,0.8679386986143445,0.650824716704896,0.21711398190944853,False,408.0,35.5,0.9129901960784313,11.492957746478874,2.9073910000079195
25,0.4,8,C017_phys_a_t_7,physics,F = a t,F = ? t,4,4,C017_phys_a_t_7,physics,F = a t,True,True,True,True,1,0.7138744197183339,0.6997841478961534,0.014090271822180478,False,304.0,26.5,0.912828947368421,11.471698113207546,1.964193000276282
25,0.4,9,C020_lin_re_E_t_F_10,linear,E = F - t,? = ? - t,5,5,C020_lin_re_E_t_F_10,linear,E = F - t,True,True,True,True,1,0.7920167599995727,0.6532146413030543,0.13880211869651837,False,330.0,28.75,0.9128787878787878,11.478260869565217,2.129850000528677
25,0.4,10,C016_area_p_6,geometry,A = π p ^ 2,? = π p ^,5,6,C016_area_p_6,geometry,A = π p ^ 2,True,True,True,True,1,0.8019440264614773,0.7332640936329328,0.06867993282854457,False,330.0,28.75,0.9128787878787878,11.478260869565217,2.1891460000915686
25,0.4,11,C011_lin_re_p_x_q_1,linear,p = q - x,p = q - ?,5,5,C011_lin_re_p_x_q_1,linear,p = q - x,True,True,True,True,1,0.8417084239512195,0.6118932475022691,0.22981517644895033,False,330.0,28.75,0.9128787878787878,11.478260869565217,2.293034000103944
25,0.4,12,C002_circle_center,metric,( x - a ) ^ 2 + ( y - b ) ^ 2 = r ^ 2,( x - a ) ^ ? + ( ? - ? ) ^ 2 = r ^ 2,19,19,C002_circle_center,metric,( x - a ) ^ 2 + ( y - b ) ^ 2 = r ^ 2,True,True,True,True,1,0.8839428467691545,0.5639377845425438,0.3200050622266106,False,694.0,60.25,0.9131844380403458,11.518672199170124,6.133060000138357
25,0.4,13,C006_derivative_square,calculus,d/dx x ^ 2 = 2 × x,d/dx 2 = 2 × x,6,8,C006_derivative_square,calculus,d/dx x ^ 2 = 2 × x,True,True,True,True,1,0.8925433846628081,0.5970863570151977,0.2954570276476104,False,356.0,31.0,0.9129213483146067,11.483870967741936,2.8865200001746416
25,0.4,14,C021_solve_E_7_7_11,simple_solve,E + 7 = 7,+ 7 =,3,5,C019_lin_b_c_m_9,linear,b + c = m,False,False,True,True,2,0.675524177162765,0.6696527530755078,0.005871424087257271,True,278.0,24.25,0.9127697841726619,11.463917525773196,1.766013000633393
25,0.4,15,C003_energy,physics,E = m c ^ 2,? = m ? ^ 2,6,6,C003_energy,physics,E = m c ^ 2,True,True,True,True,1,0.8282658682620813,0.7521555849209206,0.07611028334116066,False,356.0,31.0,0.9129213483146067,11.483870967741936,2.5212540003849426
25,0.4,16,C010_lin_r_v_z_0,linear,r + v = z,r + v = ?,5,5,C010_lin_r_v_z_0,linear,r + v = z,True,True,True,True,1,0.8569927058539978,0.6096697160192515,0.24732298983474632,False,330.0,28.75,0.9128787878787878,11.478260869565217,2.3094879998097895
25,0.4,17,C014_ratio_q_d_F_4,ratio,q ÷ d = F,q ÷ d = F,5,5,C014_ratio_q_d_F_4,ratio,q ÷ d = F,True,True,True,True,1,0.9999999999999999,0.754833202634644,0.24516679736535585,False,330.0,28.75,0.9128787878787878,11.478260869565217,2.3990359995877952
25,0.4,18,C012_solve_z_8_9_2,simple_solve,z + 8 = 9,z 8 = ?,4,5,C023_ratio_c_z_s_13,ratio,c ÷ z = s,False,False,True,True,3,0.6124376286774991,0.5841513193680201,0.028286309309478952,True,304.0,26.5,0.912828947368421,11.471698113207546,1.982465999390115
25,0.4,19,C004_force,physics,F = m a,F = m a,4,4,C004_force,physics,F = m a,True,True,True,True,1,1.0,0.8227997704451581,0.17720022955484194,False,304.0,26.5,0.912828947368421,11.471698113207546,2.0278479996704846
25,0.4,20,C019_lin_b_c_m_9,linear,b + c = m,b + c = m,5,5,C019_lin_b_c_m_9,linear,b + c = m,True,True,True,True,1,0.9999999999999999,0.7100284561612779,0.28997154383872203,False,330.0,28.75,0.9128787878787878,11.478260869565217,2.350349999687751
25,0.4,21,C008_division_zero,omega,x ÷ 0,? ÷ 0,3,3,C008_division_zero,omega,x ÷ 0,True,True,True,True,1,0.7994413137317607,0.5430359665360065,0.25640534719575425,False,278.0,24.25,0.9127697841726619,11.463917525773196,1.641892000407097
25,0.4,22,C001_pythagorean,metric,x ^ 2 + y ^ 2 = r ^ 2,x ^ 2 + ^ = ? ^ 2,9,11,C001_pythagorean,metric,x ^ 2 + y ^ 2 = r ^ 2,True,True,True,True,1,0.8202070336574292,0.770051740894542,0.050155292762887216,False,433.99999999999994,37.75,0.9130184331797235,11.496688741721853,3.3145170000352664
25,0.4,23,C024_root_z_c_d_14,root,z = √ ( c ^ 2 + d ^ 2 ),z = √ ( ? ^ 2 + ? ^ 2 ),12,12,C015_root_F_E_v_5,root,F = √ ( E ^ 2 + v ^ 2 ),False,True,True,True,2,0.828569924216876,0.7517331868912932,0.07683673732558283,False,511.99999999999994,44.5,0.9130859375,11.505617977528088,4.2306109999117325
50,0.0,0,C011_lin_re_p_x_q_1,linear,p = q - x,p = q - x,5,5,C011_lin_re_p_x_q_1,linear,p = q - x,True,True,True,True,1,0.9999999999999999,0.7788206610652748,0.22117933893472508,False,648.75,46.25,0.928709055876686,14.027027027027026,4.838271000153327
50,0.0,1,C038_solve_c_9_3_29,simple_solve,c + 9 = 3,c + 9 = 3,5,5,C038_solve_c_9_3_29,simple_solve,c + 9 = 3,True,True,True,True,1,1.0,0.8059774309718843,0.19402256902811565,False,648.75,46.25,0.928709055876686,14.027027027027026,4.530656000497402
50,0.0,2,C017_phys_a_t_7,physics,F = a t,F = a t,4,4,C017_phys_a_t_7,physics,F = a t,True,True,True,True,1,1.0,0.8768452290631286,0.12315477093687144,False,599.0,44.0,0.9265442404006677,13.613636363636363,3.7546610001299996
50,0.0,3,C026_phys_t_F_16,physics,F = t F,F = t F,4,4,C026_phys_t_F_16,physics,F = t F,True,True,True,True,1,0.9999999999999999,0.8243407734229993,0.17565922657700062,False,599.0,44.0,0.9265442404006677,13.613636363636363,4.0489919992978685
50,0.0,4,C024_root_z_c_d_14,root,z = √ ( c ^ 2 + d ^ 2 ),z = √ ( c ^ 2 + d ^ 2 ),12,12,C024_root_z_c_d_14,root,z = √ ( c ^ 2 + d ^ 2 ),True,True,True,True,1,0.9999999999999999,0.8216651522388563,0.1783348477611436,False,996.9999999999999,62.0,0.9378134403209629,16.08064516129032,8.10172900037287
50,0.0,5,C032_ratio_v_F_E_22,ratio,v ÷ F = E,v ÷ F = E,5,5,C032_ratio_v_F_E_22,ratio,v ÷ F = E,True,True,True,True,1,1.0,0.7228976484456258,0.27710235155437424,False,648.75,46.25,0.928709055876686,14.027027027027026,4.285787999833701
50,0.0,6,C035_poly_p_q_E_26,polynomial,p ^ 2 + q × p + E = 0,p ^ 2 + q × p + E = 0,11,11,C035_poly_p_q_E_26,polynomial,p ^ 2 + q × p + E = 0,True,True,True,True,1,1.0,0.8886647316014186,0.11133526839858143,False,947.25,59.75,0.9369226708894167,15.853556485355648,7.337947999985772
50,0.0,7,C006_derivative_square,calculus,d/dx x ^ 2 = 2 × x,d/dx x ^ 2 = 2 × x,8,8,C006_derivative_square,calculus,d/dx x ^ 2 = 2 × x,True,True,True,True,1,0.9999999999999999,0.7030985224062462,0.29690147759375374,False,798.0,53.0,0.9335839598997494,15.056603773584905,5.695391000699601
50,0.0,8,C025_area_y_15,geometry,A = π y ^ 2,A = π y ^ 2,6,6,C025_area_y_15,geometry,A = π y ^ 2,True,True,True,True,1,1.0,0.9263411736689761,0.07365882633102394,False,698.5,48.5,0.9305654974946314,14.402061855670103,4.664398000386427
50,0.0,9,C002_circle_center,metric,( x - a ) ^ 2 + ( y - b ) ^ 2 = r ^ 2,( x - a ) ^ 2 + ( y - b ) ^ 2 = r ^ 2,19,19,C002_circle_center,metric,( x - a ) ^ 2 + ( y - b ) ^ 2 = r ^ 2,True,True,True,True,1,0.9999999999999999,0.6414097167198888,0.3585902832801111,False,1345.25,77.75,0.9422040512915815,17.30225080385852,11.156369999298477
50,0.0,10,C015_root_F_E_v_5,root,F = √ ( E ^ 2 + v ^ 2 ),F = √ ( E ^ 2 + v ^ 2 ),12,12,C015_root_F_E_v_5,root,F = √ ( E ^ 2 + v ^ 2 ),True,True,True,True,1,0.9999999999999999,0.9409370791139519,0.05906292088604803,False,996.9999999999999,62.0,0.9378134403209629,16.08064516129032,8.163343999513017
50,0.0,11,C014_ratio_q_d_F_4,ratio,q ÷ d = F,q ÷ d = F,5,5,C014_ratio_q_d_F_4,ratio,q ÷ d = F,True,True,True,True,1,0.9999999999999999,0.8440522781187492,0.15594772188125072,False,648.75,46.25,0.928709055876686,14.027027027027026,4.40951899963693
50,0.0,12,C031_pow2_A_c_x_21,power,A ^ 2 + c ^ 2 = x ^ 2,A ^ 2 + c ^ 2 = x ^ 2,11,11,C031_pow2_A_c_x_21,power,A ^ 2 + c ^ 2 = x ^ 2,True,True,True,True,1,0.9999999999999999,0.9033639437756321,0.09663605622436777,False,947.25,59.75,0.9369226708894167,15.853556485355648,7.573181000225304
50,0.0,13,C007_integral_x,calculus,∫ x = x ^ 2 ÷ 2,∫ x = x ^ 2 ÷ 2,8,8,C007_integral_x,calculus,∫ x = x ^ 2 ÷ 2,True,True,True,True,1,0.9999999999999999,0.7263190374260469,0.273680962573953,False,798.0,53.0,0.9335839598997494,15.056603773584905,5.791339000097651
50,0.0,14,C027_poly_d_y_s_17,polynomial,d ^ 2 + y × d + s = 0,d ^ 2 + y × d + s = 0,11,11,C027_poly_d_y_s_17,polynomial,d ^ 2 + y × d + s = 0,True,True,True,True,1,0.9999999999999999,0.8949838326151083,0.10501616738489161,False,947.25,59.75,0.9369226708894167,15.853556485355648,7.767428000079235
50,0.0,15,C045_lin_y_q_d_36,linear,y + q = d,y + q = d,5,5,C045_lin_y_q_d_36,linear,y + q = d,True,True,True,True,1,0.9999999999999999,0.7763087847383733,0.2236912152616266,False,648.75,46.25,0.928709055876686,14.027027027027026,4.5476729992515175
50,0.0,16,C018_poly_s_p_c_8,polynomial,s ^ 2 + p × s + c = 0,s ^ 2 + p × s + c = 0,11,11,C018_poly_s_p_c_8,polynomial,s ^ 2 + p × s + c = 0,True,True,True,True,1,0.9999999999999999,0.9167932791545722,0.08320672084542768,False,947.25,59.75,0.9369226708894167,15.853556485355648,7.747597000161477
50,0.0,17,C034_phys_v_y_25,physics,F = v y,F = v y,4,4,C034_phys_v_y_25,physics,F = v y,True,True,True,True,1,1.0,0.8243407734229993,0.17565922657700073,False,599.0,44.0,0.9265442404006677,13.613636363636363,3.816686999925878
50,0.0,18,C047_solve_b_2_4_38,simple_solve,b + 2 = 4,b + 2 = 4,5,5,C047_solve_b_2_4_38,simple_solve,b + 2 = 4,True,True,True,True,1,0.9999999999999999,0.784749249062017,0.21525075093798285,False,648.75,46.25,0.928709055876686,14.027027027027026,4.330892000325548
50,0.0,19,C020_lin_re_E_t_F_10,linear,E = F - t,E = F - t,5,5,C020_lin_re_E_t_F_10,linear,E = F - t,True,True,True,True,1,0.9999999999999999,0.7872328868342843,0.21276711316571562,False,648.75,46.25,0.928709055876686,14.027027027027026,4.317736999837507
50,0.0,20,C004_force,physics,F = m a,F = m a,4,4,C004_force,physics,F = m a,True,True,True,True,1,1.0,0.8227997704451581,0.17720022955484194,False,599.0,44.0,0.9265442404006677,13.613636363636363,3.7133410005480982
50,0.0,21,C008_division_zero,omega,x ÷ 0,x ÷ 0,3,3,C008_division_zero,omega,x ÷ 0,True,True,True,True,1,0.9999999999999999,0.5238243229051939,0.476175677094806,False,549.25,41.75,0.9239872553482021,13.155688622754491,3.059381000639405
50,0.0,22,C029_lin_re_x_q_A_19,linear,x = A - q,x = A - q,5,5,C029_lin_re_x_q_A_19,linear,x = A - q,True,True,True,True,1,0.9999999999999999,0.7872328868342843,0.21276711316571562,False,648.75,46.25,0.928709055876686,14.027027027027026,4.222599999593513
50,0.0,23,C028_lin_A_a_y_18,linear,A + a = y,A + a = y,5,5,C028_lin_A_a_y_18,linear,A + a = y,True,True,True,True,1,0.9999999999999999,0.7568893322691183,0.24311066773088164,False,648.75,46.25,0.928709055876686,14.027027027027026,4.332652999437414
50,0.0,24,C040_ratio_q_b_s_31,ratio,q ÷ b = s,q ÷ b = s,5,5,C040_ratio_q_b_s_31,ratio,q ÷ b = s,True,True,True,True,1,0.9999999999999999,0.8440522781187492,0.15594772188125072,False,648.75,46.25,0.928709055876686,14.027027027027026,4.594383999574347
50,0.0,25,C019_lin_b_c_m_9,linear,b + c = m,b + c = m,5,5,C019_lin_b_c_m_9,linear,b + c = m,True,True,True,True,1,0.9999999999999999,0.7100284561612779,0.28997154383872203,False,648.75,46.25,0.928709055876686,14.027027027027026,4.395387999466038
50,0.0,26,C048_pow2_d_x_p_39,power,d ^ 2 + x ^ 2 = p ^ 2,d ^ 2 + x ^ 2 = p ^ 2,11,11,C048_pow2_d_x_p_39,power,d ^ 2 + x ^ 2 = p ^ 2,True,True,True,True,1,0.9999999999999999,0.8985811111213126,0.10141888887868733,False,947.25,59.75,0.9369226708894167,15.853556485355648,7.37358599963045
50,0.0,27,C041_root_q_y_z_32,root,q = √ ( y ^ 2 + z ^ 2 ),q = √ ( y ^ 2 + z ^ 2 ),12,12,C041_root_q_y_z_32,root,q = √ ( y ^ 2 + z ^ 2 ),True,True,True,True,1,0.9999999999999999,0.885757669661728,0.11424233033827191,False,996.9999999999999,62.0,0.9378134403209629,16.08064516129032,8.01021299957938
50,0.1,0,C050_root_F_v_s_41,root,F = √ ( v ^ 2 + s ^ 2 ),F = √ ( v ^ 2 + s ^ ? ),12,12,C050_root_F_v_s_41,root,F = √ ( v ^ 2 + s ^ 2 ),True,True,True,True,1,0.8689054196036972,0.8444222096744829,0.024483209929214267,False,996.9999999999999,62.0,0.9378134403209629,16.08064516129032,7.98394699995697
50,0.1,1,C045_lin_y_q_d_36,linear,y + q = d,y + q = d,5,5,C045_lin_y_q_d_36,linear,y + q = d,True,True,True,True,1,0.9999999999999999,0.7763087847383733,0.2236912152616266,False,648.75,46.25,0.928709055876686,14.027027027027026,4.470956000659498
50,0.1,2,C041_root_q_y_z_32,root,q = √ ( y ^ 2 + z ^ 2 ),q = √ ( y ^ ? + z ^ 2 ),12,12,C041_root_q_y_z_32,root,q = √ ( y ^ 2 + z ^ 2 ),True,True,True,True,1,0.8238744507254776,0.7322464496425016,0.09162800108297597,False,996.9999999999999,62.0,0.9378134403209629,16.08064516129032,7.854287000554905
50,0.1,3,C017_phys_a_t_7,physics,F = a t,F = a ?,4,4,C017_phys_a_t_7,physics,F = a t,True,True,True,True,1,0.8648244497379122,0.8620931170808463,0.0027313326570658214,False,599.0,44.0,0.9265442404006677,13.613636363636363,3.6595909996322007
50,0.1,4,C004_force,physics,F = m a,F = m a,4,4,C004_force,physics,F = m a,True,True,True,True,1,1.0,0.8227997704451581,0.17720022955484194,False,599.0,44.0,0.9265442404006677,13.613636363636363,3.846511999654467
50,0.1,5,C040_ratio_q_b_s_31,ratio,q ÷ b = s,q ÷ b = s,5,5,C040_ratio_q_b_s_31,ratio,q ÷ b = s,True,True,True,True,1,0.9999999999999999,0.8440522781187492,0.15594772188125072,False,648.75,46.25,0.928709055876686,14.027027027027026,4.426047000379185
50,0.1,6,C008_division_zero,omega,x ÷ 0,x ÷ 0,3,3,C008_division_zero,omega,x ÷ 0,True,True,True,True,1,0.9999999999999999,0.5238243229051939,0.476175677094806,False,549.25,41.75,0.9239872553482021,13.155688622754491,3.1931319999785046
50,0.1,7,C044_poly_s_A_y_35,polynomial,s ^ 2 + A × s + y = 0,s ^ 2 + A × ? + y = 0,11,11,C044_poly_s_A_y_35,polynomial,s ^ 2 + A × s + y = 0,True,True,True,True,1,0.926740903473678,0.8436764504891646,0.08306445298451337,False,947.25,59.75,0.9369226708894167,15.853556485355648,7.233194000036747
50,0.1,8,C019_lin_b_c_m_9,linear,b + c = m,b + c = m,5,5,C019_lin_b_c_m_9,linear,b + c = m,True,True,True,True,1,0.9999999999999999,0.7100284561612779,0.28997154383872203,False,648.75,46.25,0.928709055876686,14.027027027027026,4.199912000331096
50,0.1,9,C015_root_F_E_v_5,root,F = √ ( E ^ 2 + v ^ 2 ),F = √ ( E ^ 2 + v ^ 2 ),12,12,C015_root_F_E_v_5,root,F = √ ( E ^ 2 + v ^ 2 ),True,True,True,True,1,0.9999999999999999,0.9409370791139519,0.05906292088604803,False,996.9999999999999,62.0,0.9378134403209629,16.08064516129032,7.971034000547661
50,0.1,10,C024_root_z_c_d_14,root,z = √ ( c ^ 2 + d ^ 2 ),z = √ ( c ^ 2 + d ^ 2 ),12,12,C024_root_z_c_d_14,root,z = √ ( c ^ 2 + d ^ 2 ),True,True,True,True,1,0.9999999999999999,0.8216651522388563,0.1783348477611436,False,996.9999999999999,62.0,0.9378134403209629,16.08064516129032,7.924131999970996
50,0.1,11,C012_solve_z_8_9_2,simple_solve,z + 8 = 9,z + 8 = 9,5,5,C012_solve_z_8_9_2,simple_solve,z + 8 = 9,True,True,True,True,1,0.9999999999999999,0.8059774309718843,0.19402256902811554,False,648.75,46.25,0.928709055876686,14.027027027027026,4.242766000061238
50,0.1,12,C032_ratio_v_F_E_22,ratio,v ÷ F = E,v ÷ F = ?,5,5,C032_ratio_v_F_E_22,ratio,v ÷ F = E,True,True,True,True,1,0.8504431692131627,0.7213021581550491,0.1291410110581136,False,648.75,46.25,0.928709055876686,14.027027027027026,3.991259999565955
50,0.1,13,C018_poly_s_p_c_8,polynomial,s ^ 2 + p × s + c = 0,s ^ 2 + p × s + c = 0,11,11,C018_poly_s_p_c_8,polynomial,s ^ 2 + p × s + c = 0,True,True,True,True,1,0.9999999999999999,0.9167932791545722,0.08320672084542768,False,947.25,59.75,0.9369226708894167,15.853556485355648,7.389614999738114
50,0.1,14,C035_poly_p_q_E_26,polynomial,p ^ 2 + q × p + E = 0,p ^ 2 + q × + E = 0,10,11,C035_poly_p_q_E_26,polynomial,p ^ 2 + q × p + E = 0,True,True,True,True,1,0.9733399289148229,0.8756635600055301,0.09767636890929277,False,897.5,57.5,0.935933147632312,15.608695652173912,6.957810999665526
50,0.1,15,C021_solve_E_7_7_11,simple_solve,E + 7 = 7,E + 7 = 7,5,5,C021_solve_E_7_7_11,simple_solve,E + 7 = 7,True,True,True,True,1,1.0,0.7754190366318595,0.22458096336814048,False,648.75,46.25,0.928709055876686,14.027027027027026,4.3284040002617985
50,0.1,16,C011_lin_re_p_x_q_1,linear,p = q - x,p = q - x,5,5,C011_lin_re_p_x_q_1,linear,p = q - x,True,True,True,True,1,0.9999999999999999,0.7788206610652748,0.22117933893472508,False,648.75,46.25,0.928709055876686,14.027027027027026,4.375630999675195
50,0.1,17,C003_energy,physics,E = m c ^ 2,E = m c ^ 2,6,6,C003_energy,physics,E = m c ^ 2,True,True,True,True,1,0.9999999999999999,0.773177699449356,0.2268223005506439,False,698.5,48.5,0.9305654974946314,14.402061855670103,4.7903459999361075
50,0.1,18,C039_pow2_x_z_b_30,power,x ^ 2 + z ^ 2 = b ^ 2,x ^ 2 + z ^ 2 = b ^,10,11,C039_pow2_x_z_b_30,power,x ^ 2 + z ^ 2 = b ^ 2,True,True,True,True,1,0.877946286682063,0.8403512634594041,0.03759502322265884,False,897.5,57.5,0.935933147632312,15.608695652173912,6.825698000284319
50,0.1,19,C028_lin_A_a_y_18,linear,A + a = y,A + a = y,5,5,C028_lin_A_a_y_18,linear,A + a = y,True,True,True,True,1,0.9999999999999999,0.7568893322691183,0.24311066773088164,False,648.75,46.25,0.928709055876686,14.027027027027026,4.319564999605063
50,0.1,20,C038_solve_c_9_3_29,simple_solve,c + 9 = 3,c + 9 = 3,5,5,C038_solve_c_9_3_29,simple_solve,c + 9 = 3,True,True,True,True,1,1.0,0.8059774309718843,0.19402256902811565,False,648.75,46.25,0.928709055876686,14.027027027027026,4.346604000602383
50,0.1,21,C027_poly_d_y_s_17,polynomial,d ^ 2 + y × d + s = 0,? ^ 2 + y × d + s = 0,11,11,C027_poly_d_y_s_17,polynomial,d ^ 2 + y × d + s = 0,True,True,True,True,1,0.9174842306500031,0.8570992899776958,0.060384940672307263,False,947.25,59.75,0.9369226708894167,15.853556485355648,7.403046999570506
50,0.1,22,C046_lin_re_F_d_t_37,linear,F = t - d,F = t - d,5,5,C046_lin_re_F_d_t_37,linear,F = t - d,True,True,True,True,1,0.9999999999999999,0.8296708304917758,0.17032916950822408,False,648.75,46.25,0.928709055876686,14.027027027027026,4.528425999524188
50,0.1,23,C001_pythagorean,metric,x ^ 2 + y ^ 2 = r ^ 2,x ^ 2 + y ^ ? = r ^ ?,11,11,C001_pythagorean,metric,x ^ 2 + y ^ 2 = r ^ 2,True,True,True,True,1,0.8790627333690788,0.787084149669812,0.09197858369926681,False,947.25,59.75,0.9369226708894167,15.853556485355648,6.997802000114461
50,0.1,24,C002_circle_center,metric,( x - a ) ^ 2 + ( y - b ) ^ 2 = r ^ 2,( x - a ) ^ 2 + ( y - ) ^ 2 = r ^ 2,18,19,C002_circle_center,metric,( x - a ) ^ 2 + ( y - b ) ^ 2 = r ^ 2,True,True,True,True,1,0.9676410478840861,0.6606178649184696,0.3070231829656165,False,1295.5,75.5,0.941721343110768,17.158940397350992,11.162990000229911
50,0.1,25,C016_area_p_6,geometry,A = π p ^ 2,? = π p ^ 2,6,6,C016_area_p_6,geometry,A = π p ^ 2,True,True,True,True,1,0.8892431006708171,0.8236297829673414,0.06561331770347578,False,698.5,48.5,0.9305654974946314,14.402061855670103,4.701639000813884
50,0.1,26,C010_lin_r_v_z_0,linear,r + v = z,r + v = z,5,5,C010_lin_r_v_z_0,linear,r + v = z,True,True,True,True,1,1.0,0.9099552627187841,0.09004473728121587,False,648.75,46.25,0.928709055876686,14.027027027027026,5.082184999992023
50,0.1,27,C034_phys_v_y_25,physics,F = v y,F = v y,4,4,C034_phys_v_y_25,physics,F = v y,True,True,True,True,1,1.0,0.8243407734229993,0.17565922657700073,False,599.0,44.0,0.9265442404006677,13.613636363636363,6.603819999327243
50,0.25,0,C030_solve_F_4_9_20,simple_solve,F + 4 = 9,F 4 = 9,4,5,C030_solve_F_4_9_20,simple_solve,F + 4 = 9,True,True,True,True,1,0.7469519346179662,0.6950892308946371,0.05186270372332902,False,599.0,44.0,0.9265442404006677,13.613636363636363,7.288011000127881
50,0.25,1,C008_division_zero,omega,x ÷ 0,? ÷ 0,3,3,C008_division_zero,omega,x ÷ 0,True,True,True,True,1,0.7994413137317607,0.5430359665360065,0.25640534719575425,False,549.25,41.75,0.9239872553482021,13.155688622754491,5.691502999980003
50,0.25,2,C041_root_q_y_z_32,root,q = √ ( y ^ 2 + z ^ 2 ),q = √ ( y ^ 2 + z ^ ? ),12,12,C041_root_q_y_z_32,root,q = √ ( y ^ 2 + z ^ 2 ),True,True,True,True,1,0.8248243852599415,0.8243778211824364,0.0004465640775050961,False,996.9999999999999,62.0,0.9378134403209629,16.08064516129032,7.937272999697598
50,0.25,3,C044_poly_s_A_y_35,polynomial,s ^ 2 + A × s + y = 0,s ^ 2 + ? × s + ? = 0,11,11,C018_poly_s_p_c_8,polynomial,s ^ 2 + p × s + c = 0,False,True,True,True,2,0.8782999029891794,0.8782944997562462,5.403232933187674e-06,False,947.25,59.75,0.9369226708894167,15.853556485355648,7.929723000415834
50,0.25,4,C004_force,physics,F = m a,F = m ?,4,4,C004_force,physics,F = m a,True,True,True,True,1,0.8512511858805273,0.716825564173942,0.13442562170658523,False,599.0,44.0,0.9265442404006677,13.613636363636363,3.7452520000442746
50,0.25,5,C005_area_circle,geometry,A = π r ^ 2,? = π r ^ ?,6,6,C005_area_circle,geometry,A = π r ^ 2,True,True,True,True,1,0.8174689225014193,0.7539886343609055,0.06348028814051387,False,698.5,48.5,0.9305654974946314,14.402061855670103,4.801877999852877
50,0.25,6,C020_lin_re_E_t_F_10,linear,E = F - t,E = F -,4,5,C020_lin_re_E_t_F_10,linear,E = F - t,True,True,True,True,1,0.9026241208682094,0.776301957864674,0.12632216300353538,False,599.0,44.0,0.9265442404006677,13.613636363636363,3.7622440004270175
50,0.25,7,C013_pow2_p_r_x_3,power,p ^ 2 + r ^ 2 = x ^ 2,p ^ 2 + r ^ 2 = x ^ 2,11,11,C013_pow2_p_r_x_3,power,p ^ 2 + r ^ 2 = x ^ 2,True,True,True,True,1,0.9999999999999999,0.9033639437756321,0.09663605622436777,False,947.25,59.75,0.9369226708894167,15.853556485355648,7.625031000316085
50,0.25,8,C028_lin_A_a_y_18,linear,A + a = y,A ? = y,4,5,C028_lin_A_a_y_18,linear,A + a = y,True,True,True,True,1,0.7247517883994934,0.6730475068566917,0.05170428154280171,False,599.0,44.0,0.9265442404006677,13.613636363636363,3.838363999420835
50,0.25,9,C015_root_F_E_v_5,root,F = √ ( E ^ 2 + v ^ 2 ),F = √ ( E ^ ? + ? ^ ),11,12,C015_root_F_E_v_5,root,F = √ ( E ^ 2 + v ^ 2 ),True,True,True,True,1,0.7931676036009245,0.7487077969451058,0.04445980665581872,False,947.25,59.75,0.9369226708894167,15.853556485355648,7.191408999460691
50,0.25,10,C006_derivative_square,calculus,d/dx x ^ 2 = 2 × x,d/dx x ^ 2 = ? ×,7,8,C006_derivative_square,calculus,d/dx x ^ 2 = 2 × x,True,True,True,True,1,0.7204909424865963,0.6676023676188448,0.05288857486775145,False,748.2499999999999,50.75,0.9321750751754093,14.743842364532018,5.077048000202922
50,0.25,11,C050_root_F_v_s_41,root,F = √ ( v ^ 2 + s ^ 2 ),F = √ ( v ^ ? + s 2 ),11,12,C050_root_F_v_s_41,root,F = √ ( v ^ 2 + s ^ 2 ),True,True,True,True,1,0.8044705654803758,0.7245212764082861,0.07994928907208965,False,947.25,59.75,0.9369226708894167,15.853556485355648,8.06835100047465
50,0.25,12,C023_ratio_c_z_s_13,ratio,c ÷ z = s,c z = s,4,5,C023_ratio_c_z_s_13,ratio,c ÷ z = s,True,True,True,True,1,0.882784524356227,0.7200962536930821,0.16268827066314495,False,599.0,44.0,0.9265442404006677,13.613636363636363,3.8836630001242156
50,0.25,13,C025_area_y_15,geometry,A = π y ^ 2,A = π y ^ 2,6,6,C025_area_y_15,geometry,A = π y ^ 2,True,True,True,True,1,1.0,0.9263411736689761,0.07365882633102394,False,698.5,48.5,0.9305654974946314,14.402061855670103,4.969487999915145
50,0.25,14,C031_pow2_A_c_x_21,power,A ^ 2 + c ^ 2 = x ^ 2,A ^ 2 + c ^ 2 = ? ^ 2,11,11,C031_pow2_A_c_x_21,power,A ^ 2 + c ^ 2 = x ^ 2,True,True,True,True,1,0.898570269193768,0.8152362269105526,0.08333404228321539,False,947.25,59.75,0.9369226708894167,15.853556485355648,7.065994999720715
50,0.25,15,C022_pow2_b_m_a_12,power,b ^ 2 + m ^ 2 = a ^ 2,b ^ 2 + m ^ 2 = ^ 2,10,11,C022_pow2_b_m_a_12,power,b ^ 2 + m ^ 2 = a ^ 2,True,True,True,True,1,0.9416013503657742,0.8739516009622715,0.06764974940350266,False,897.5,57.5,0.935933147632312,15.608695652173912,7.278369999767165
50,0.25,16,C037_lin_re_A_E_t_28,linear,A = t - E,A = t - E,5,5,C037_lin_re_A_E_t_28,linear,A = t - E,True,True,True,True,1,0.9999999999999999,0.8296708304917758,0.17032916950822408,False,648.75,46.25,0.928709055876686,14.027027027027026,4.55247900026734
50,0.25,17,C034_phys_v_y_25,physics,F = v y,F = v y,4,4,C034_phys_v_y_25,physics,F = v y,True,True,True,True,1,1.0,0.8243407734229993,0.17565922657700073,False,599.0,44.0,0.9265442404006677,13.613636363636363,4.384218000268447
50,0.25,18,C027_poly_d_y_s_17,polynomial,d ^ 2 + y × d + s = 0,d ^ 2 + y × d + s = ?,11,11,C027_poly_d_y_s_17,polynomial,d ^ 2 + y × d + s = 0,True,True,True,True,1,0.8895048396084093,0.8145057462100009,0.07499909339840838,False,947.25,59.75,0.9369226708894167,15.853556485355648,7.41443100014294
50,0.25,19,C039_pow2_x_z_b_30,power,x ^ 2 + z ^ 2 = b ^ 2,x ^ 2 + z ^ 2 = b ^ 2,11,11,C039_pow2_x_z_b_30,power,x ^ 2 + z ^ 2 = b ^ 2,True,True,True,True,1,1.0,0.9044014428028028,0.09559855719719723,False,947.25,59.75,0.9369226708894167,15.853556485355648,7.213728999886371
50,0.25,20,C002_circle_center,metric,( x - a ) ^ 2 + ( y - b ) ^ 2 = r ^ 2,( x - a ) ^ 2 + ( y - ? ) ^ 2 = r ^ 2,19,19,C002_circle_center,metric,( x - a ) ^ 2 + ( y - b ) ^ 2 = r ^ 2,True,True,True,True,1,0.9131058082639514,0.5779645348515874,0.335141273412364,False,1345.25,77.75,0.9422040512915815,17.30225080385852,11.064995999731764
50,0.25,21,C048_pow2_d_x_p_39,power,d ^ 2 + x ^ 2 = p ^ 2,d ^ ? + ? ^ 2 = p 2,10,11,C048_pow2_d_x_p_39,power,d ^ 2 + x ^ 2 = p ^ 2,True,True,True,True,1,0.7246162650026309,0.6295146167067517,0.0951016482958792,False,897.5,57.5,0.935933147632312,15.608695652173912,6.497608000245236
50,0.25,22,C046_lin_re_F_d_t_37,linear,F = t - d,F = ? - d,5,5,C046_lin_re_F_d_t_37,linear,F = t - d,True,True,True,True,1,0.8720930042782215,0.7422038972866244,0.12988910699159706,False,648.75,46.25,0.928709055876686,14.027027027027026,4.098798999621067
50,0.25,23,C043_phys_a_x_34,physics,F = a x,F = a x,4,4,C043_phys_a_x_34,physics,F = a x,True,True,True,True,1,0.9999999999999999,0.8768452290631286,0.12315477093687133,False,599.0,44.0,0.9265442404006677,13.613636363636363,3.7735630003226106
50,0.25,24,C019_lin_b_c_m_9,linear,b + c = m,b + ? = m,5,5,C019_lin_b_c_m_9,linear,b + c = m,True,True,True,True,1,0.7968172813655604,0.6882564503013076,0.10856083106425285,False,648.75,46.25,0.928709055876686,14.027027027027026,4.035641999507789
50,0.25,25,C036_lin_p_v_z_27,linear,p + v = z,p + ? = z,5,5,C036_lin_p_v_z_27,linear,p + v = z,True,True,True,True,1,0.8721390918202643,0.794722466241851,0.07741662557841322,False,648.75,46.25,0.928709055876686,14.027027027027026,4.5290160005606594
50,0.25,26,C011_lin_re_p_x_q_1,linear,p = q - x,p = q - ?,5,5,C011_lin_re_p_x_q_1,linear,p = q - x,True,True,True,True,1,0.8417084239512195,0.7140511640246273,0.12765725992659216,False,648.75,46.25,0.928709055876686,14.027027027027026,4.1804490001595696
50,0.25,27,C045_lin_y_q_d_36,linear,y + q = d,y + ? = d,5,5,C045_lin_y_q_d_36,linear,y + q = d,True,True,True,True,1,0.88652345475967,0.7215376257814419,0.1649858289782281,False,648.75,46.25,0.928709055876686,14.027027027027026,4.286839999622316
50,0.4,0,C008_division_zero,omega,x ÷ 0,? ÷ 0,3,3,C008_division_zero,omega,x ÷ 0,True,True,True,True,1,0.7994413137317607,0.5430359665360065,0.25640534719575425,False,549.25,41.75,0.9239872553482021,13.155688622754491,3.0626890002167784
50,0.4,1,C018_poly_s_p_c_8,polynomial,s ^ 2 + p × s + c = 0,s ^ 2 + ? × s + = 0,10,11,C018_poly_s_p_c_8,polynomial,s ^ 2 + p × s + c = 0,True,True,True,True,1,0.8639663703501045,0.8638110308188056,0.00015533953129887035,False,897.5,57.5,0.935933147632312,15.608695652173912,7.028318999800831
50,0.4,2,C025_area_y_15,geometry,A = π y ^ 2,? = π y ^ ?,6,6,C025_area_y_15,geometry,A = π y ^ 2,True,True,True,True,1,0.816240470925594,0.7498154481526262,0.0664250227729678,False,698.5,48.5,0.9305654974946314,14.402061855670103,4.437309999957506
50,0.4,3,C022_pow2_b_m_a_12,power,b ^ 2 + m ^ 2 = a ^ 2,b ^ ? + ? ^ 2 = a ^ ?,11,11,C022_pow2_b_m_a_12,power,b ^ 2 + m ^ 2 = a ^ 2,True,True,True,True,1,0.696165696746448,0.6517190550127538,0.04444664173369417,False,947.25,59.75,0.9369226708894167,15.853556485355648,7.287845000064408
50,0.4,4,C014_ratio_q_d_F_4,ratio,q ÷ d = F,÷ d = F,4,5,C014_ratio_q_d_F_4,ratio,q ÷ d = F,True,True,True,True,1,0.9118711116598183,0.7697704704161655,0.14210064124365274,False,599.0,44.0,0.9265442404006677,13.613636363636363,3.8908810001885286
50,0.4,5,C001_pythagorean,metric,x ^ 2 + y ^ 2 = r ^ 2,x ^ 2 + ? ^ ? = r ^ 2,11,11,C001_pythagorean,metric,x ^ 2 + y ^ 2 = r ^ 2,True,True,True,True,1,0.8691522966572927,0.8261842299136688,0.042968066743623856,False,947.25,59.75,0.9369226708894167,15.853556485355648,7.149672999730683
50,0.4,6,C007_integral_x,calculus,∫ x = x ^ 2 ÷ 2,∫ x = x ^ ? ÷ ?,8,8,C006_derivative_square,calculus,d/dx x ^ 2 = 2 × x,False,True,True,True,2,0.6641026342817758,0.6580015672245901,0.006101067057185716,False,798.0,53.0,0.9335839598997494,15.056603773584905,5.21849699998711
50,0.4,7,C024_root_z_c_d_14,root,z = √ ( c ^ 2 + d ^ 2 ),z = √ ( ? ^ 2 + d ^ ?,11,12,C024_root_z_c_d_14,root,z = √ ( c ^ 2 + d ^ 2 ),True,True,True,True,1,0.8053498939619279,0.7834023015025551,0.021947592459372833,False,947.25,59.75,0.9369226708894167,15.853556485355648,7.083881000653491
50,0.4,8,C043_phys_a_x_34,physics,F = a x,? = ? x,4,4,C011_lin_re_p_x_q_1,linear,p = q - x,False,False,False,True,6,0.6550532957070333,0.6541855664595622,0.0008677292474711384,True,599.0,44.0,0.9265442404006677,13.613636363636363,3.6158069997327402
50,0.4,9,C034_phys_v_y_25,physics,F = v y,? = ? y,4,4,C034_phys_v_y_25,physics,F = v y,True,True,True,True,1,0.7344438993711614,0.6529685548943089,0.08147534447685245,False,599.0,44.0,0.9265442404006677,13.613636363636363,3.8427199997386197
50,0.4,10,C006_derivative_square,calculus,d/dx x ^ 2 = 2 × x,d/dx ^ ? = 2 x,6,8,C006_derivative_square,calculus,d/dx x ^ 2 = 2 × x,True,True,True,True,1,0.794744260155537,0.6632284686764265,0.13151579147911052,False,698.5,48.5,0.9305654974946314,14.402061855670103,5.243400999461301
50,0.4,11,C036_lin_p_v_z_27,linear,p + v = z,? + ? = z,5,5,C010_lin_r_v_z_0,linear,r + v = z,False,True,True,True,2,0.8168320322375586,0.8145862705092775,0.0022457617282811704,False,648.75,46.25,0.928709055876686,14.027027027027026,4.30521599992062
50,0.4,12,C031_pow2_A_c_x_21,power,A ^ 2 + c ^ 2 = x ^ 2,A ^ ? + c ^ ? = ? ^ ?,11,11,C031_pow2_A_c_x_21,power,A ^ 2 + c ^ 2 = x ^ 2,True,True,True,True,1,0.6352485898830107,0.6159778198681232,0.01927077001488753,False,947.25,59.75,0.9369226708894167,15.853556485355648,7.292305999726523
50,0.4,13,C049_ratio_t_A_s_40,ratio,t ÷ A = s,t ÷ A = ?,5,5,C049_ratio_t_A_s_40,ratio,t ÷ A = s,True,True,True,True,1,0.8507868351128993,0.7199916953341585,0.1307951397787408,False,648.75,46.25,0.928709055876686,14.027027027027026,4.090976000043156
50,0.4,14,C002_circle_center,metric,( x - a ) ^ 2 + ( y - b ) ^ 2 = r ^ 2,( x - a ) ^ ? + ( ? - b ) ^ ? = r ^ ?,19,19,C002_circle_center,metric,( x - a ) ^ 2 + ( y - b ) ^ 2 = r ^ 2,True,True,True,True,1,0.8488479865445308,0.5221546600681645,0.3266933264763663,False,1345.25,77.75,0.9422040512915815,17.30225080385852,10.7887269996354
50,0.4,15,C044_poly_s_A_y_35,polynomial,s ^ 2 + A × s + y = 0,s ^ ? + A × + y = ?,10,11,C044_poly_s_A_y_35,polynomial,s ^ 2 + A × s + y = 0,True,True,True,True,1,0.6696811672643044,0.6104627737172337,0.0592183935470707,False,897.5,57.5,0.935933147632312,15.608695652173912,6.506435000119382
50,0.4,16,C045_lin_y_q_d_36,linear,y + q = d,? + = d,4,5,C045_lin_y_q_d_36,linear,y + q = d,True,True,True,True,1,0.7993353448378737,0.703916087224964,0.0954192576129097,False,599.0,44.0,0.9265442404006677,13.613636363636363,3.4214170000268496
50,0.4,17,C041_root_q_y_z_32,root,q = √ ( y ^ 2 + z ^ 2 ),? = √ ( ^ 2 + ? ^ ? ),11,12,C024_root_z_c_d_14,root,z = √ ( c ^ 2 + d ^ 2 ),False,True,True,True,3,0.7804610263619389,0.7541432625328357,0.026317763829103225,False,947.25,59.75,0.9369226708894167,15.853556485355648,10.143113000594894
50,0.4,18,C028_lin_A_a_y_18,linear,A + a = y,? + a = ?,5,5,C028_lin_A_a_y_18,linear,A + a = y,True,True,True,True,1,0.7621148047496806,0.7268007475478172,0.035314057201863425,False,648.75,46.25,0.928709055876686,14.027027027027026,4.9205889999939245
50,0.4,19,C042_area_q_33,geometry,A = π q ^ 2,? = π q ^ ?,6,6,C042_area_q_33,geometry,A = π q ^ 2,True,True,True,True,1,0.8193139300429116,0.7542388811960169,0.06507504884689475,False,698.5,48.5,0.9305654974946314,14.402061855670103,4.585933000271325
50,0.4,20,C005_area_circle,geometry,A = π r ^ 2,? = π ? ^ 2,6,6,C042_area_q_33,geometry,A = π q ^ 2,False,True,True,True,3,0.8448002088246738,0.8429818806416085,0.0018183281830652653,False,698.5,48.5,0.9305654974946314,14.402061855670103,4.562424999676296
50,0.4,21,C027_poly_d_y_s_17,polynomial,d ^ 2 + y × d + s = 0,d ^ 2 + y × d + s =,10,11,C027_poly_d_y_s_17,polynomial,d ^ 2 + y × d + s = 0,True,True,True,True,1,0.9352133873114289,0.8474085417805037,0.08780484553092516,False,897.5,57.5,0.935933147632312,15.608695652173912,7.256734000293363
50,0.4,22,C033_root_v_m_x_23,root,v = √ ( m ^ 2 + x ^ 2 ),v = √ m ^ ? + x ^ ? ),11,12,C033_root_v_m_x_23,root,v = √ ( m ^ 2 + x ^ 2 ),True,True,True,True,1,0.8158482221644148,0.7323379176687035,0.08351030449571128,False,947.25,59.75,0.9369226708894167,15.853556485355648,7.616768999469059
50,0.4,23,C023_ratio_c_z_s_13,ratio,c ÷ z = s,c ÷ = ?,4,5,C023_ratio_c_z_s_13,ratio,c ÷ z = s,True,True,True,True,1,0.799322884469654,0.6899044939399573,0.10941839052969671,False,599.0,44.0,0.9265442404006677,13.613636363636363,3.5807639997074148
50,0.4,24,C040_ratio_q_b_s_31,ratio,q ÷ b = s,q ÷ ? = ?,5,5,C032_ratio_v_F_E_22,ratio,v ÷ F = E,False,True,True,True,2,0.6832409430437789,0.6690468330494763,0.014194109994302595,False,648.75,46.25,0.928709055876686,14.027027027027026,3.987789999882807
50,0.4,25,C017_phys_a_t_7,physics,F = a t,? = a ?,4,4,C043_phys_a_x_34,physics,F = a x,False,True,True,True,2,0.7875525437089276,0.7853927987746583,0.002159744934269292,False,599.0,44.0,0.9265442404006677,13.613636363636363,3.2749820002209162
50,0.4,26,C032_ratio_v_F_E_22,ratio,v ÷ F = E,? ÷ ? = E,5,5,C032_ratio_v_F_E_22,ratio,v ÷ F = E,True,True,True,True,1,0.7824111526615545,0.632088289755461,0.15032286290609342,False,648.75,46.25,0.928709055876686,14.027027027027026,3.8392649994420935
50,0.4,27,C012_solve_z_8_9_2,simple_solve,z + 8 = 9,z + 8 = ?,5,5,C012_solve_z_8_9_2,simple_solve,z + 8 = 9,True,True,True,True,1,0.7015704231026284,0.6993192564414519,0.002251166661176529,False,648.75,46.25,0.928709055876686,14.027027027027026,3.8968959997873753
100,0.0,0,C094_poly_b_m_s_89,polynomial,b ^ 2 + m × b + s = 0,b ^ 2 + m × b + s = 0,11,11,C094_poly_b_m_s_89,polynomial,b ^ 2 + m × b + s = 0,True,True,True,True,1,0.9999999999999999,0.9241166177912413,0.07588338220875857,False,1869.75,94.75,0.9493247760395774,19.733509234828496,14.393147000191675
100,0.0,1,C060_phys_m_t_52,physics,F = m t,F = m t,4,4,C060_phys_m_t_52,physics,F = m t,True,True,True,True,1,1.0,0.8763298691924819,0.1236701308075181,False,1189.0,79.0,0.9335576114381834,15.050632911392405,7.06157200056623
100,0.0,2,C034_phys_v_y_25,physics,F = v y,F = v y,4,4,C034_phys_v_y_25,physics,F = v y,True,True,True,True,1,1.0,0.8556788928566528,0.14432110714334723,False,1189.0,79.0,0.9335576114381834,15.050632911392405,6.951334999939718
100,0.0,3,C067_root_z_a_m_59,root,z = √ ( a ^ 2 + m ^ 2 ),z = √ ( a ^ 2 + m ^ 2 ),12,12,C067_root_z_a_m_59,root,z = √ ( a ^ 2 + m ^ 2 ),True,True,True,True,1,0.9999999999999999,0.9207417388499034,0.07925826115009649,False,1966.9999999999998,97.0,0.9506863243518048,20.278350515463917,17.145879999588942
100,0.0,4,C044_poly_s_A_y_35,polynomial,s ^ 2 + A × s + y = 0,s ^ 2 + A × s + y = 0,11,11,C044_poly_s_A_y_35,polynomial,s ^ 2 + A × s + y = 0,True,True,True,True,1,0.9999999999999999,0.9167932791545722,0.08320672084542768,False,1869.75,94.75,0.9493247760395774,19.733509234828496,15.277094999873952
100,0.0,5,C027_poly_d_y_s_17,polynomial,d ^ 2 + y × d + s = 0,d ^ 2 + y × d + s = 0,11,11,C027_poly_d_y_s_17,polynomial,d ^ 2 + y × d + s = 0,True,True,True,True,1,0.9999999999999999,0.8949838326151083,0.10501616738489161,False,1869.75,94.75,0.9493247760395774,19.733509234828496,14.568642000085674
100,0.0,6,C023_ratio_c_z_s_13,ratio,c ÷ z = s,c ÷ z = s,5,5,C023_ratio_c_z_s_13,ratio,c ÷ z = s,True,True,True,True,1,0.9999999999999999,0.847421443039127,0.15257855696087286,False,1286.25,81.25,0.9368318756073858,15.830769230769231,8.567674000005354
100,0.0,7,C040_ratio_q_b_s_31,ratio,q ÷ b = s,q ÷ b = s,5,5,C040_ratio_q_b_s_31,ratio,q ÷ b = s,True,True,True,True,1,0.9999999999999999,0.8440522781187492,0.15594772188125072,False,1286.25,81.25,0.9368318756073858,15.830769230769231,8.959132000200043
100,0.0,8,C072_lin_re_v_E_c_64,linear,v = c - E,v = c - E,5,5,C072_lin_re_v_E_c_64,linear,v = c - E,True,True,True,True,1,0.9999999999999999,0.8181946336348217,0.1818053663651782,False,1286.25,81.25,0.9368318756073858,15.830769230769231,8.592440999564133
100,0.0,9,C073_solve_y_5_1_65,simple_solve,y + 5 = 1,y + 5 = 1,5,5,C073_solve_y_5_1_65,simple_solve,y + 5 = 1,True,True,True,True,1,0.9999999999999999,0.9127506725523966,0.08724932744760328,False,1286.25,81.25,0.9368318756073858,15.830769230769231,8.407067000007373
100,0.0,10,C059_area_v_51,geometry,A = π v ^ 2,A = π v ^ 2,6,6,C059_area_v_51,geometry,A = π v ^ 2,True,True,True,True,1,0.9999999999999999,0.9267645465506743,0.07323545344932558,False,1383.5,83.5,0.93964582580412,16.568862275449103,9.391143999891938
100,0.0,11,C018_poly_s_p_c_8,polynomial,s ^ 2 + p × s + c = 0,s ^ 2 + p × s + c = 0,11,11,C018_poly_s_p_c_8,polynomial,s ^ 2 + p × s + c = 0,True,True,True,True,1,0.9999999999999999,0.9167932791545722,0.08320672084542768,False,1869.75,94.75,0.9493247760395774,19.733509234828496,14.410451999538054
100,0.0,12,C057_ratio_t_c_q_49,ratio,t ÷ c = q,t ÷ c = q,5,5,C057_ratio_t_c_q_49,ratio,t ÷ c = q,True,True,True,True,1,0.9999999999999999,0.8418465929814954,0.15815340701850444,False,1286.25,81.25,0.9368318756073858,15.830769230769231,8.722874000341108
100,0.0,13,C046_lin_re_F_d_t_37,linear,F = t - d,F = t - d,5,5,C046_lin_re_F_d_t_37,linear,F = t - d,True,True,True,True,1,0.9999999999999999,0.8296708304917758,0.17032916950822408,False,1286.25,81.25,0.9368318756073858,15.830769230769231,8.789538000200992
100,0.0,14,C070_poly_m_b_p_62,polynomial,m ^ 2 + b × m + p = 0,m ^ 2 + b × m + p = 0,11,11,C070_poly_m_b_p_62,polynomial,m ^ 2 + b × m + p = 0,True,True,True,True,1,1.0,0.9241166177912413,0.07588338220875868,False,1869.75,94.75,0.9493247760395774,19.733509234828496,15.171459000157483
100,0.0,15,C015_root_F_E_v_5,root,F = √ ( E ^ 2 + v ^ 2 ),F = √ ( E ^ 2 + v ^ 2 ),12,12,C015_root_F_E_v_5,root,F = √ ( E ^ 2 + v ^ 2 ),True,True,True,True,1,0.9999999999999999,0.9409370791139519,0.05906292088604803,False,1966.9999999999998,97.0,0.9506863243518048,20.278350515463917,16.673164000167162
100,0.0,16,C085_phys_q_A_79,physics,F = q A,F = q A,4,4,C085_phys_q_A_79,physics,F = q A,True,True,True,True,1,1.0,0.924560917629299,0.07543908237070096,False,1189.0,79.0,0.9335576114381834,15.050632911392405,7.274233000316599
100,0.0,17,C011_lin_re_p_x_q_1,linear,p = q - x,p = q - x,5,5,C011_lin_re_p_x_q_1,linear,p = q - x,True,True,True,True,1,0.9999999999999999,0.784366978425446,0.21563302157455388,False,1286.25,81.25,0.9368318756073858,15.830769230769231,8.30973600022844
100,0.0,18,C047_solve_b_2_4_38,simple_solve,b + 2 = 4,b + 2 = 4,5,5,C047_solve_b_2_4_38,simple_solve,b + 2 = 4,True,True,True,True,1,0.9999999999999999,0.8274052181988224,0.1725947818011775,False,1286.25,81.25,0.9368318756073858,15.830769230769231,8.321545999933733
100,0.0,19,C038_solve_c_9_3_29,simple_solve,c + 9 = 3,c + 9 = 3,5,5,C038_solve_c_9_3_29,simple_solve,c + 9 = 3,True,True,True,True,1,1.0,0.8343289395944044,0.16567106040559565,False,1286.25,81.25,0.9368318756073858,15.830769230769231,8.867479999935313
100,0.0,20,C014_ratio_q_d_F_4,ratio,q ÷ d = F,q ÷ d = F,5,5,C014_ratio_q_d_F_4,ratio,q ÷ d = F,True,True,True,True,1,0.9999999999999999,0.8440522781187492,0.15594772188125072,False,1286.25,81.25,0.9368318756073858,15.830769230769231,8.660960999804956
100,0.0,21,C010_lin_r_v_z_0,linear,r + v = z,r + v = z,5,5,C010_lin_r_v_z_0,linear,r + v = z,True,True,True,True,1,1.0,0.9099552627187841,0.09004473728121587,False,1286.25,81.25,0.9368318756073858,15.830769230769231,8.032100000491482
100,0.0,22,C062_lin_x_r_v_54,linear,x + r = v,x + r = v,5,5,C062_lin_x_r_v_54,linear,x + r = v,True,True,True,True,1,0.9999999999999999,0.7745560200328608,0.22544397996713905,False,1286.25,81.25,0.9368318756073858,15.830769230769231,8.17287099926034
100,0.0,23,C066_ratio_E_s_m_58,ratio,E ÷ s = m,E ÷ s = m,5,5,C066_ratio_E_s_m_58,ratio,E ÷ s = m,True,True,True,True,1,1.0,0.78509223411681,0.21490776588319005,False,1286.25,81.25,0.9368318756073858,15.830769230769231,8.121824000227207
100,0.0,24,C083_ratio_F_m_A_76,ratio,F ÷ m = A,F ÷ m = A,5,5,C083_ratio_F_m_A_76,ratio,F ÷ m = A,True,True,True,True,1,0.9999999999999999,0.8349071091557928,0.16509289084420709,False,1286.25,81.25,0.9368318756073858,15.830769230769231,8.501520999743661
100,0.0,25,C005_area_circle,geometry,A = π r ^ 2,A = π r ^ 2,6,6,C005_area_circle,geometry,A = π r ^ 2,True,True,True,True,1,1.0,0.9263411736689761,0.07365882633102394,False,1383.5,83.5,0.93964582580412,16.568862275449103,8.775262000199291
100,0.0,26,C017_phys_a_t_7,physics,F = a t,F = a t,4,4,C017_phys_a_t_7,physics,F = a t,True,True,True,True,1,1.0,0.8768452290631286,0.12315477093687144,False,1189.0,79.0,0.9335576114381834,15.050632911392405,6.938786000318942
100,0.0,27,C077_phys_s_c_70,physics,F = s c,F = s c,4,4,C077_phys_s_c_70,physics,F = s c,True,True,True,True,1,0.9999999999999999,0.8429609607258574,0.15703903927414253,False,1189.0,79.0,0.9335576114381834,15.050632911392405,6.918987000062771
100,0.1,0,C019_lin_b_c_m_9,linear,b + c = m,b + c = ?,5,5,C019_lin_b_c_m_9,linear,b + c = m,True,True,True,True,1,0.8789174642530873,0.7163325946506829,0.16258486960240437,False,1286.25,81.25,0.9368318756073858,15.830769230769231,7.5964659999954165
100,0.1,1,C085_phys_q_A_79,physics,F = q A,F = q A,4,4,C085_phys_q_A_79,physics,F = q A,True,True,True,True,1,1.0,0.924560917629299,0.07543908237070096,False,1189.0,79.0,0.9335576114381834,15.050632911392405,7.077896999362565
100,0.1,2,C047_solve_b_2_4_38,simple_solve,b + 2 = 4,b + 2 = 4,5,5,C047_solve_b_2_4_38,simple_solve,b + 2 = 4,True,True,True,True,1,0.9999999999999999,0.8274052181988224,0.1725947818011775,False,1286.25,81.25,0.9368318756073858,15.830769230769231,8.2451990001573
100,0.1,3,C046_lin_re_F_d_t_37,linear,F = t - d,? = t - d,5,5,C046_lin_re_F_d_t_37,linear,F = t - d,True,True,True,True,1,0.8452953877271926,0.7226181010654932,0.12267728666169941,False,1286.25,81.25,0.9368318756073858,15.830769230769231,7.806358999914664
100,0.1,4,C096_metric_xyz,metric,x ^ 2 + y ^ 2 = z ^ 2,x ^ 2 + y ^ 2 = z ^ 2,11,11,C096_metric_xyz,metric,x ^ 2 + y ^ 2 = z ^ 2,True,True,True,True,1,0.9999999999999999,0.9483959821397929,0.05160401786020696,False,1869.75,94.75,0.9493247760395774,19.733509234828496,15.023158999611042
100,0.1,5,C052_poly_c_q_t_44,polynomial,c ^ 2 + q × c + t = 0,c ^ ? + q × c + t = 0,11,11,C052_poly_c_q_t_44,polynomial,c ^ 2 + q × c + t = 0,True,True,True,True,1,0.8958886002389321,0.7873753776500995,0.10851322258883267,False,1869.75,94.75,0.9493247760395774,19.733509234828496,13.943990999905509
100,0.1,6,C061_poly_z_y_m_53,polynomial,z ^ 2 + y × z + m = 0,z ^ 2 + y × z + m = 0,11,11,C061_poly_z_y_m_53,polynomial,z ^ 2 + y × z + m = 0,True,True,True,True,1,0.9999999999999999,0.8929796593551901,0.10702034064480981,False,1869.75,94.75,0.9493247760395774,19.733509234828496,14.52471799984778
100,0.1,7,C044_poly_s_A_y_35,polynomial,s ^ 2 + A × s + y = 0,s ^ 2 + A × s + y = 0,11,11,C044_poly_s_A_y_35,polynomial,s ^ 2 + A × s + y = 0,True,True,True,True,1,0.9999999999999999,0.9167932791545722,0.08320672084542768,False,1869.75,94.75,0.9493247760395774,19.733509234828496,14.387942999746883
100,0.1,8,C041_root_q_y_z_32,root,q = √ ( y ^ 2 + z ^ 2 ),q = √ ( y ^ 2 + ? ^ 2 ),12,12,C041_root_q_y_z_32,root,q = √ ( y ^ 2 + z ^ 2 ),True,True,True,True,1,0.8959023154929653,0.8318501673953989,0.06405214809756643,False,1966.9999999999998,97.0,0.9506863243518048,20.278350515463917,14.412366999749793
100,0.1,9,C050_root_F_v_s_41,root,F = √ ( v ^ 2 + s ^ 2 ),F = √ ( v ^ 2 + s ^ 2 ),12,12,C050_root_F_v_s_41,root,F = √ ( v ^ 2 + s ^ 2 ),True,True,True,True,1,0.9999999999999999,0.9409370791139519,0.05906292088604803,False,1966.9999999999998,97.0,0.9506863243518048,20.278350515463917,15.314617000512953
100,0.1,10,C014_ratio_q_d_F_4,ratio,q ÷ d = F,q ÷ ? = F,5,5,C014_ratio_q_d_F_4,ratio,q ÷ d = F,True,True,True,True,1,0.7806507057065976,0.730088511102053,0.050562194604544586,False,1286.25,81.25,0.9368318756073858,15.830769230769231,7.894279000538518
100,0.1,11,C054_lin_re_F_q_y_46,linear,F = y - q,F = ? - q,5,5,C054_lin_re_F_q_y_46,linear,F = y - q,True,True,True,True,1,0.8069184972129663,0.7754635175872737,0.03145497962569255,False,1286.25,81.25,0.9368318756073858,15.830769230769231,8.2347050001772
100,0.1,12,C042_area_q_33,geometry,A = π q ^ 2,? = π q ^ 2,6,6,C042_area_q_33,geometry,A = π q ^ 2,True,True,True,True,1,0.8891715867066068,0.820964592779931,0.06820699392667584,False,1383.5,83.5,0.93964582580412,16.568862275449103,12.074379000296176
100,0.1,13,C022_pow2_b_m_a_12,power,b ^ 2 + m ^ 2 = a ^ 2,b ^ 2 + m ^ ? = a ^ 2,11,11,C022_pow2_b_m_a_12,power,b ^ 2 + m ^ 2 = a ^ 2,True,True,True,True,1,0.9084520055586431,0.8101021394652241,0.098349866093419,False,1869.75,94.75,0.9493247760395774,19.733509234828496,14.422967999962566
100,0.1,14,C013_pow2_p_r_x_3,power,p ^ 2 + r ^ 2 = x ^ 2,p ^ 2 + r ^ = x ^ ?,10,11,C013_pow2_p_r_x_3,power,p ^ 2 + r ^ 2 = x ^ 2,True,True,True,True,1,0.8265771633511744,0.8024508253694892,0.024126337981685175,False,1772.5,92.5,0.9478138222849083,19.16216216216216,13.529821999327396
100,0.1,15,C075_ratio_x_m_s_67,ratio,x ÷ m = s,x ÷ m = s,5,5,C075_ratio_x_m_s_67,ratio,x ÷ m = s,True,True,True,True,1,0.9999999999999999,0.847421443039127,0.15257855696087286,False,1286.25,81.25,0.9368318756073858,15.830769230769231,9.095102000173938
100,0.1,16,C068_area_c_60,geometry,A = π c ^ 2,A = π c ^ ?,6,6,C068_area_c_60,geometry,A = π c ^ 2,True,True,True,True,1,0.8619407596051696,0.7981584774974608,0.06378228210770875,False,1383.5,83.5,0.93964582580412,16.568862275449103,9.3706170000587
100,0.1,17,C058_root_x_a_E_50,root,x = √ ( a ^ 2 + E ^ 2 ),? = √ ( a ^ ? + E ^ ? ),12,12,C058_root_x_a_E_50,root,x = √ ( a ^ 2 + E ^ 2 ),True,True,True,True,1,0.8384175708165091,0.7967867326952012,0.04163083812130797,False,1966.9999999999998,97.0,0.9506863243518048,20.278350515463917,15.06201299980603
100,0.1,18,C015_root_F_E_v_5,root,F = √ ( E ^ 2 + v ^ 2 ),F = √ ( E ^ 2 + v ^ 2 ),12,12,C015_root_F_E_v_5,root,F = √ ( E ^ 2 + v ^ 2 ),True,True,True,True,1,0.9999999999999999,0.9409370791139519,0.05906292088604803,False,1966.9999999999998,97.0,0.9506863243518048,20.278350515463917,16.51746099923912
100,0.1,19,C084_root_r_p_a_77,root,r = √ ( p ^ 2 + a ^ 2 ),r = √ ( p ^ 2 + a ^ 2 ),12,12,C084_root_r_p_a_77,root,r = √ ( p ^ 2 + a ^ 2 ),True,True,True,True,1,0.9999999999999999,0.8852639629776222,0.11473603702237767,False,1966.9999999999998,97.0,0.9506863243518048,20.278350515463917,15.541771999778575
100,0.1,20,C072_lin_re_v_E_c_64,linear,v = c - E,v = c - E,5,5,C072_lin_re_v_E_c_64,linear,v = c - E,True,True,True,True,1,0.9999999999999999,0.8181946336348217,0.1818053663651782,False,1286.25,81.25,0.9368318756073858,15.830769230769231,8.780103999924904
100,0.1,21,C003_energy,physics,E = m c ^ 2,? = m c ^ 2,6,6,C003_energy,physics,E = m c ^ 2,True,True,True,True,1,0.8889998557779419,0.8061412462668369,0.08285860951110502,False,1383.5,83.5,0.93964582580412,16.568862275449103,8.329406000484596
100,0.1,22,C070_poly_m_b_p_62,polynomial,m ^ 2 + b × m + p = 0,m ^ 2 + b × m ? = 0,10,11,C070_poly_m_b_p_62,polynomial,m ^ 2 + b × m + p = 0,True,True,True,True,1,0.883297458613891,0.8557797154569324,0.02751774315695854,False,1772.5,92.5,0.9478138222849083,19.16216216216216,12.428486000317207
100,0.1,23,C030_solve_F_4_9_20,simple_solve,F + 4 = 9,F + ? = 9,5,5,C030_solve_F_4_9_20,simple_solve,F + 4 = 9,True,True,True,True,1,0.8167887264709617,0.7535833977869343,0.0632053286840274,False,1286.25,81.25,0.9368318756073858,15.830769230769231,8.775157999480143
100,0.1,24,C028_lin_A_a_y_18,linear,A + a = y,? + a = y,5,5,C028_lin_A_a_y_18,linear,A + a = y,True,True,True,True,1,0.8787170178458293,0.7432651116024472,0.1354519062433821,False,1286.25,81.25,0.9368318756073858,15.830769230769231,7.8623539993714076
100,0.1,25,C078_poly_v_y_A_71,polynomial,v ^ 2 + y × v + A = 0,v ^ 2 + y × ? + A = ?,11,11,C078_poly_v_y_A_71,polynomial,v ^ 2 + y × v + A = 0,True,True,True,True,1,0.8652766146253426,0.7917087076649686,0.07356790696037396,False,1869.75,94.75,0.9493247760395774,19.733509234828496,14.563293000719568
100,0.1,26,C002_circle_center,metric,( x - a ) ^ 2 + ( y - b ) ^ 2 = r ^ 2,( x - a ) ^ 2 + ( y - b ) ^ 2 = r ^ 2,19,19,C002_circle_center,metric,( x - a ) ^ 2 + ( y - b ) ^ 2 = r ^ 2,True,True,True,True,1,0.9999999999999999,0.6936550529082923,0.30634494709170756,False,2647.75,112.75,0.9574166745349826,23.483370288248338,21.52270100032183
100,0.1,27,C017_phys_a_t_7,physics,F = a t,F = a t,4,4,C017_phys_a_t_7,physics,F = a t,True,True,True,True,1,1.0,0.8768452290631286,0.12315477093687144,False,1189.0,79.0,0.9335576114381834,15.050632911392405,7.3077450006167055
100,0.25,0,C049_ratio_t_A_s_40,ratio,t ÷ A = s,t ÷ A = ?,5,5,C049_ratio_t_A_s_40,ratio,t ÷ A = s,True,True,True,True,1,0.8507868351128993,0.7320595379859949,0.11872729712690444,False,1286.25,81.25,0.9368318756073858,15.830769230769231,7.936491000691603
100,0.25,1,C047_solve_b_2_4_38,simple_solve,b + 2 = 4,? 2 = 4,4,5,C047_solve_b_2_4_38,simple_solve,b + 2 = 4,True,True,True,True,1,0.6425443705300693,0.5712869392344412,0.07125743129562812,False,1189.0,79.0,0.9335576114381834,15.050632911392405,6.645024999670568
100,0.25,2,C030_solve_F_4_9_20,simple_solve,F + 4 = 9,F + 4 = 9,5,5,C030_solve_F_4_9_20,simple_solve,F + 4 = 9,True,True,True,True,1,1.0,0.7896216349870608,0.21037836501293916,False,1286.25,81.25,0.9368318756073858,15.830769230769231,7.90005100043345
100,0.25,3,C068_area_c_60,geometry,A = π c ^ 2,? = π c ^ 2,6,6,C068_area_c_60,geometry,A = π c ^ 2,True,True,True,True,1,0.889172991189782,0.8242411691377209,0.06493182205206105,False,1383.5,83.5,0.93964582580412,16.568862275449103,8.528905999810377
100,0.25,4,C067_root_z_a_m_59,root,z = √ ( a ^ 2 + m ^ 2 ),z = √ ( a ^ 2 + m ^ 2 ),12,12,C067_root_z_a_m_59,root,z = √ ( a ^ 2 + m ^ 2 ),True,True,True,True,1,0.9999999999999999,0.9207417388499034,0.07925826115009649,False,1966.9999999999998,97.0,0.9506863243518048,20.278350515463917,15.291195999452611
100,0.25,5,C031_pow2_A_c_x_21,power,A ^ 2 + c ^ 2 = x ^ 2,? ^ 2 + ? ^ 2 = ? ^ 2,11,11,C082_pow2_q_r_s_75,power,q ^ 2 + r ^ 2 = s ^ 2,False,True,False,True,4,0.8408220990675316,0.8375380981305921,0.0032840009369394796,False,1869.75,94.75,0.9493247760395774,19.733509234828496,12.634234999495675
100,0.25,6,C073_solve_y_5_1_65,simple_solve,y + 5 = 1,? + 5 = 1,5,5,C073_solve_y_5_1_65,simple_solve,y + 5 = 1,True,True,True,True,1,0.8282525940455021,0.7841803634569227,0.04407223058857945,False,1286.25,81.25,0.9368318756073858,15.830769230769231,7.568941000499763
100,0.25,7,C022_pow2_b_m_a_12,power,b ^ 2 + m ^ 2 = a ^ 2,? ^ 2 + ? ^ 2 = a ^ 2,11,11,C065_pow2_a_p_z_57,power,a ^ 2 + p ^ 2 = z ^ 2,False,True,True,True,2,0.8600546923621439,0.855500281213778,0.004554411148365967,False,1869.75,94.75,0.9493247760395774,19.733509234828496,13.465785000335018
100,0.25,8,C045_lin_y_q_d_36,linear,y + q = d,? + q = ?,5,5,C071_lin_y_q_z_63,linear,y + q = z,False,True,True,True,2,0.802691116893085,0.7925217228706729,0.010169394022412126,False,1286.25,81.25,0.9368318756073858,15.830769230769231,7.536377999713295
100,0.25,9,C034_phys_v_y_25,physics,F = v y,? = v y,4,4,C034_phys_v_y_25,physics,F = v y,True,True,True,True,1,0.852288759520223,0.6838432043421678,0.16844555517805515,False,1189.0,79.0,0.9335576114381834,15.050632911392405,6.6778689997590845
100,0.25,10,C016_area_p_6,geometry,A = π p ^ 2,A = π p ^ ?,6,6,C016_area_p_6,geometry,A = π p ^ 2,True,True,True,True,1,0.867214474658989,0.8016614828497322,0.06555299180925689,False,1383.5,83.5,0.93964582580412,16.568862275449103,8.54413300021406
100,0.25,11,C004_force,physics,F = m a,F = m ?,4,4,C060_phys_m_t_52,physics,F = m t,False,True,True,True,2,0.8689338948455736,0.8512511858805273,0.017682708965046312,False,1189.0,79.0,0.9335576114381834,15.050632911392405,6.251018000511976
100,0.25,12,C095_metric_xzr,metric,x ^ 2 + z ^ 2 = r ^ 2,x ^ ? + z ^ ? = r ^,10,11,C095_metric_xzr,metric,x ^ 2 + z ^ 2 = r ^ 2,True,True,True,True,1,0.7767020359965492,0.7356467423287174,0.04105529366783178,False,1772.5,92.5,0.9478138222849083,19.16216216216216,12.382674000036786
100,0.25,13,C057_ratio_t_c_q_49,ratio,t ÷ c = q,t ÷ c = q,5,5,C057_ratio_t_c_q_49,ratio,t ÷ c = q,True,True,True,True,1,0.9999999999999999,0.8418465929814954,0.15815340701850444,False,1286.25,81.25,0.9368318756073858,15.830769230769231,8.254413999566168
100,0.25,14,C024_root_z_c_d_14,root,z = √ ( c ^ 2 + d ^ 2 ),z = √ ( c ^ ? + ? ^ 2 ),12,12,C024_root_z_c_d_14,root,z = √ ( c ^ 2 + d ^ 2 ),True,True,True,True,1,0.8578312020955051,0.7999163526868995,0.057914849408605584,False,1966.9999999999998,97.0,0.9506863243518048,20.278350515463917,14.5597179998731
100,0.25,15,C051_phys_q_F_43,physics,F = q F,F = q F,4,4,C051_phys_q_F_43,physics,F = q F,True,True,True,True,1,0.9999999999999999,0.924560917629299,0.07543908237070085,False,1189.0,79.0,0.9335576114381834,15.050632911392405,7.055916999888723
100,0.25,16,C052_poly_c_q_t_44,polynomial,c ^ 2 + q × c + t = 0,c ^ 2 + q × c + t = 0,11,11,C052_poly_c_q_t_44,polynomial,c ^ 2 + q × c + t = 0,True,True,True,True,1,1.0,0.8774797205304252,0.12252027946957478,False,1869.75,94.75,0.9493247760395774,19.733509234828496,14.315063000140071
100,0.25,17,C048_pow2_d_x_p_39,power,d ^ 2 + x ^ 2 = p ^ 2,d ^ 2 x ^ ? = p ^ 2,10,11,C048_pow2_d_x_p_39,power,d ^ 2 + x ^ 2 = p ^ 2,True,True,True,True,1,0.8406187973365652,0.764552739388166,0.07606605794839916,False,1772.5,92.5,0.9478138222849083,19.16216216216216,12.536952000118617
100,0.25,18,C061_poly_z_y_m_53,polynomial,z ^ 2 + y × z + m = 0,z ^ 2 + ? × ? + m = 0,11,11,C061_poly_z_y_m_53,polynomial,z ^ 2 + y × z + m = 0,True,True,True,True,1,0.8956467034605504,0.8465999107327262,0.049046792727824196,False,1869.75,94.75,0.9493247760395774,19.733509234828496,13.519936999728088
100,0.25,19,C005_area_circle,geometry,A = π r ^ 2,A = π ? ^ ?,6,6,C005_area_circle,geometry,A = π r ^ 2,True,True,True,True,1,0.8194843385759933,0.8188515478271169,0.000632790748876455,False,1383.5,83.5,0.93964582580412,16.568862275449103,8.632085000499501
100,0.25,20,C054_lin_re_F_q_y_46,linear,F = y - q,F = - ?,4,5,C054_lin_re_F_q_y_46,linear,F = y - q,True,True,True,True,1,0.7724263808297469,0.7320837328227073,0.04034264800703957,False,1189.0,79.0,0.9335576114381834,15.050632911392405,6.463376000283461
100,0.25,21,C063_lin_re_m_y_E_55,linear,m = E - y,= E - y,4,5,C020_lin_re_E_t_F_10,linear,E = F - t,False,True,True,True,2,0.8004985375330642,0.7698673625938245,0.030631174939239725,False,1189.0,79.0,0.9335576114381834,15.050632911392405,6.821339999987686
100,0.25,22,C046_lin_re_F_d_t_37,linear,F = t - d,? = t - d,5,5,C046_lin_re_F_d_t_37,linear,F = t - d,True,True,True,True,1,0.8452953877271926,0.7226181010654932,0.12267728666169941,False,1286.25,81.25,0.9368318756073858,15.830769230769231,7.567429000118864
100,0.25,23,C081_solve_c_6_1_74,simple_solve,c + 6 = 1,c + 6 = 1,5,5,C081_solve_c_6_1_74,simple_solve,c + 6 = 1,True,True,True,True,1,1.0,0.8459902487580743,0.15400975124192573,False,1286.25,81.25,0.9368318756073858,15.830769230769231,7.865423999646737
100,0.25,24,C059_area_v_51,geometry,A = π v ^ 2,? = π ? ^ 2,6,6,C042_area_q_33,geometry,A = π q ^ 2,False,True,False,True,4,0.8448002088246738,0.8429818806416085,0.0018183281830652653,False,1383.5,83.5,0.93964582580412,16.568862275449103,9.41230100033863
100,0.25,25,C042_area_q_33,geometry,A = π q ^ 2,? = π q ^ 2,6,6,C042_area_q_33,geometry,A = π q ^ 2,True,True,True,True,1,0.8891715867066068,0.820964592779931,0.06820699392667584,False,1383.5,83.5,0.93964582580412,16.568862275449103,8.668556999509747
100,0.25,26,C066_ratio_E_s_m_58,ratio,E ÷ s = m,E ÷ ? = m,5,5,C066_ratio_E_s_m_58,ratio,E ÷ s = m,True,True,True,True,1,0.8557701098372457,0.7624802998444591,0.09328980999278658,False,1286.25,81.25,0.9368318756073858,15.830769230769231,7.560154000202601
100,0.25,27,C013_pow2_p_r_x_3,power,p ^ 2 + r ^ 2 = x ^ 2,p ^ ? + r ^ 2 = x ^ ?,11,11,C013_pow2_p_r_x_3,power,p ^ 2 + r ^ 2 = x ^ 2,True,True,True,True,1,0.7763371363822578,0.7043732849994013,0.07196385138285644,False,1869.75,94.75,0.9493247760395774,19.733509234828496,13.73323400002846
100,0.4,0,C045_lin_y_q_d_36,linear,y + q = d,? + ? = d,5,5,C045_lin_y_q_d_36,linear,y + q = d,True,True,True,True,1,0.8284904967245603,0.7582472637578845,0.07024323296667578,False,1286.25,81.25,0.9368318756073858,15.830769230769231,7.402879999972356
100,0.4,1,C032_ratio_v_F_E_22,ratio,v ÷ F = E,v ÷ F = E,5,5,C032_ratio_v_F_E_22,ratio,v ÷ F = E,True,True,True,True,1,1.0,0.7609897081441471,0.23901029185585287,False,1286.25,81.25,0.9368318756073858,15.830769230769231,8.15141500061145
100,0.4,2,C010_lin_r_v_z_0,linear,r + v = z,? + ? = z,5,5,C071_lin_y_q_z_63,linear,y + q = z,False,True,True,True,2,0.8282827761425047,0.8168320322375586,0.011450743904946048,False,1286.25,81.25,0.9368318756073858,15.830769230769231,8.102521999717283
100,0.4,3,C067_root_z_a_m_59,root,z = √ ( a ^ 2 + m ^ 2 ),= √ ( ? 2 + ? ^ 2 ),10,12,C084_root_r_p_a_77,root,r = √ ( p ^ 2 + a ^ 2 ),False,True,False,True,8,0.7609896824781752,0.7339140925576015,0.027075589920573684,False,1772.5,92.5,0.9478138222849083,19.16216216216216,11.958110000705346
100,0.4,4,C024_root_z_c_d_14,root,z = √ ( c ^ 2 + d ^ 2 ),z = √ ? ^ ? + ? ^ ? ),11,12,C092_root_d_x_A_86,root,d = √ ( x ^ 2 + A ^ 2 ),False,True,True,True,2,0.7241298323982235,0.7210926754469277,0.003037156951295805,False,1869.75,94.75,0.9493247760395774,19.733509234828496,14.917630000127247
100,0.4,5,C081_solve_c_6_1_74,simple_solve,c + 6 = 1,+ 6 = 1,4,5,C081_solve_c_6_1_74,simple_solve,c + 6 = 1,True,True,True,True,1,0.8863068182402548,0.8099142882526418,0.07639252998761303,False,1189.0,79.0,0.9335576114381834,15.050632911392405,7.366953999735415
100,0.4,6,C043_phys_a_x_34,physics,F = a x,F = ? ?,4,4,C051_phys_q_F_43,physics,F = q F,False,True,False,True,13,0.8335211803381254,0.8236788914822161,0.00984228885590932,False,1189.0,79.0,0.9335576114381834,15.050632911392405,6.702632999804337
100,0.4,7,C100_area_d,geometry,A = π d ^ 2,A = π d ^ ?,6,6,C100_area_d,geometry,A = π d ^ 2,True,True,True,True,1,0.8609831559984393,0.7959642762953212,0.06501887970311815,False,1383.5,83.5,0.93964582580412,16.568862275449103,9.458054999413434
100,0.4,8,C068_area_c_60,geometry,A = π c ^ 2,? = π ? ^ 2,6,6,C042_area_q_33,geometry,A = π q ^ 2,False,True,False,True,6,0.8448002088246738,0.8429818806416085,0.0018183281830652653,False,1383.5,83.5,0.93964582580412,16.568862275449103,10.006995999901847
100,0.4,9,C008_division_zero,omega,x ÷ 0,? ÷ 0,3,3,C008_division_zero,omega,x ÷ 0,True,True,True,True,1,0.7994413137317607,0.5430359665360065,0.25640534719575425,False,1091.75,76.75,0.9297000228990153,14.224755700325733,6.260138000470761
100,0.4,10,C076_root_v_d_x_68,root,v = √ ( d ^ 2 + x ^ 2 ),v = √ ( ? ^ 2 + ? ^ ? ),12,12,C076_root_v_d_x_68,root,v = √ ( d ^ 2 + x ^ 2 ),True,True,True,True,1,0.8511768379708118,0.840402683887342,0.010774154083469822,False,1966.9999999999998,97.0,0.9506863243518048,20.278350515463917,15.651079000235768
100,0.4,11,C006_derivative_square,calculus,d/dx x ^ 2 = 2 × x,d/dx x ^ ? = ? x,7,8,C006_derivative_square,calculus,d/dx x ^ 2 = 2 × x,True,True,True,True,1,0.6936510454807828,0.657514012927681,0.036137032553101855,False,1480.7499999999998,85.75,0.9420901570150262,17.26822157434402,10.12211200031743
100,0.4,12,C005_area_circle,geometry,A = π r ^ 2,A = r ^ 2,5,6,C005_area_circle,geometry,A = π r ^ 2,True,True,True,True,1,0.9086112470446269,0.8454329786312549,0.06317826841337204,False,1286.25,81.25,0.9368318756073858,15.830769230769231,8.694955999999365
100,0.4,13,C012_solve_z_8_9_2,simple_solve,z + 8 = 9,z + 8 =,4,5,C012_solve_z_8_9_2,simple_solve,z + 8 = 9,True,True,True,True,1,0.7308813046527552,0.7113796461376254,0.01950165851512986,False,1189.0,79.0,0.9335576114381834,15.050632911392405,7.840637000299466
100,0.4,14,C015_root_F_E_v_5,root,F = √ ( E ^ 2 + v ^ 2 ),= √ ( E ^ 2 + v ^ 2 ),11,12,C015_root_F_E_v_5,root,F = √ ( E ^ 2 + v ^ 2 ),True,True,True,True,1,0.8718324824946224,0.8641152263134537,0.007717256181168697,False,1869.75,94.75,0.9493247760395774,19.733509234828496,17.377723999743466
100,0.4,15,C019_lin_b_c_m_9,linear,b + c = m,? + c = m,5,5,C019_lin_b_c_m_9,linear,b + c = m,True,True,True,True,1,0.8713960627122997,0.7266229133670743,0.14477314934522545,False,1286.25,81.25,0.9368318756073858,15.830769230769231,9.414309000021603
100,0.4,16,C059_area_v_51,geometry,A = π v ^ 2,? = π ? ^ ?,6,6,C042_area_q_33,geometry,A = π q ^ 2,False,True,False,True,7,0.7710579951321592,0.7708876363994835,0.00017035873267567947,False,1383.5,83.5,0.93964582580412,16.568862275449103,8.089486999779183
100,0.4,17,C061_poly_z_y_m_53,polynomial,z ^ 2 + y × z + m = 0,? ^ 2 + y × z + ? = 0,11,11,C061_poly_z_y_m_53,polynomial,z ^ 2 + y × z + m = 0,True,True,True,True,1,0.8949515641508092,0.8444024801017105,0.05054908404909875,False,1869.75,94.75,0.9493247760395774,19.733509234828496,14.341629999762517
100,0.4,18,C023_ratio_c_z_s_13,ratio,c ÷ z = s,? ÷ z = s,5,5,C023_ratio_c_z_s_13,ratio,c ÷ z = s,True,True,True,True,1,0.8596762726388884,0.7971552304467908,0.06252104219209753,False,1286.25,81.25,0.9368318756073858,15.830769230769231,10.594527000648668
100,0.4,19,C092_root_d_x_A_86,root,d = √ ( x ^ 2 + A ^ 2 ),= √ ( x ^ ? + ? ^ 2 ),11,12,C033_root_v_m_x_23,root,v = √ ( m ^ 2 + x ^ 2 ),False,True,False,True,8,0.7409650526331087,0.7367866249596672,0.004178427673441565,False,1869.75,94.75,0.9493247760395774,19.733509234828496,14.939381999283796
100,0.4,20,C013_pow2_p_r_x_3,power,p ^ 2 + r ^ 2 = x ^ 2,p ^ 2 + r ^ 2 ? ^ 2,10,11,C013_pow2_p_r_x_3,power,p ^ 2 + r ^ 2 = x ^ 2,True,True,True,True,1,0.8456201999307691,0.8051121571111167,0.04050804281965237,False,1772.5,92.5,0.9478138222849083,19.16216216216216,14.742088999810221
100,0.4,21,C016_area_p_6,geometry,A = π p ^ 2,A = π ? ^ 2,6,6,C042_area_q_33,geometry,A = π q ^ 2,False,True,True,True,2,0.8937271017656371,0.8919919903296828,0.001735111435954284,False,1383.5,83.5,0.93964582580412,16.568862275449103,9.737680999933218
100,0.4,22,C073_solve_y_5_1_65,simple_solve,y + 5 = 1,? + ? =,4,5,C045_lin_y_q_d_36,linear,y + q = d,False,False,False,False,11,0.7179969628113582,0.7161455956375123,0.0018513671738458193,True,1189.0,79.0,0.9335576114381834,15.050632911392405,6.794746000196028
100,0.4,23,C037_lin_re_A_E_t_28,linear,A = t - E,A = ? - E,5,5,C037_lin_re_A_E_t_28,linear,A = t - E,True,True,True,True,1,0.8725758455999444,0.7664764625239583,0.1060993830759861,False,1286.25,81.25,0.9368318756073858,15.830769230769231,14.093058000071323
100,0.4,24,C054_lin_re_F_q_y_46,linear,F = y - q,? = y - ?,5,5,C054_lin_re_F_q_y_46,linear,F = y - q,True,True,True,True,1,0.8135709853441073,0.7673715589117268,0.04619942643238051,False,1286.25,81.25,0.9368318756073858,15.830769230769231,7.908927000244148
100,0.4,25,C052_poly_c_q_t_44,polynomial,c ^ 2 + q × c + t = 0,? ^ ? + q × ? + t = 0,11,11,C052_poly_c_q_t_44,polynomial,c ^ 2 + q × c + t = 0,True,True,True,True,1,0.8483749419798313,0.8116696251254523,0.036705316854379055,False,1869.75,94.75,0.9493247760395774,19.733509234828496,15.743735999421915
100,0.4,26,C069_phys_c_d_61,physics,F = c d,F = c ?,4,4,C069_phys_c_d_61,physics,F = c d,True,True,True,True,1,0.8581604429194318,0.7651809073585847,0.09297953556084715,False,1189.0,79.0,0.9335576114381834,15.050632911392405,8.284000999992713
100,0.4,27,C086_poly_v_s_x_80,polynomial,v ^ 2 + s × v + x = 0,? ^ 2 + s × v + ? = ?,11,11,C086_poly_v_s_x_80,polynomial,v ^ 2 + s × v + x = 0,True,True,True,True,1,0.8569522906614444,0.8180014632408836,0.038950827420560774,False,1869.75,94.75,0.9493247760395774,19.733509234828496,15.141255999878922
