id,family,expr,complexity,center_state,loop_length,centroid_x,centroid_y,centroid_z
C001_pythagorean,metric,x ^ 2 + y ^ 2 = r ^ 2,11,Y,15.269222358165878,-0.2345101162745414,0.3839620016904275,-0.270777593400136
C002_circle_center,metric,( x - a ) ^ 2 + ( y - b ) ^ 2 = r ^ 2,19,Y,28.368910689229782,-0.2586425168513103,0.18305766939490628,-0.2641420198160995
C003_energy,physics,E = m c ^ 2,6,Y,7.826426738660288,-0.30504181354152266,0.46348917489238833,-0.15924013829420294
C004_force,physics,F = m a,4,Y,3.7657143819817906,-0.46020192430477747,0.5793179280888534,0.02529933085992387
C005_area_circle,geometry,A = π r ^ 2,6,Y,9.058400320540835,-0.22439174421709807,0.15023939649582,-0.1544147228671667
C006_derivative_square,calculus,d/dx x ^ 2 = 2 × x,8,Y,11.983733862721227,-0.2751451584680684,0.269726141651648,-0.24724678641507555
C007_integral_x,calculus,∫ x = x ^ 2 ÷ 2,8,Y,12.661046226157167,-0.2758445863159148,0.27176369275968465,-0.2334610977542561
C008_division_zero,omega,x ÷ 0,3,Ω,4.250706868279241,-0.03812184264058327,0.4187713150325369,-0.2923515541755197
C009_absence,absence,Ø,1,Ø,0.0,0.9440307001242985,-0.0817619194923159,0.31956380543446866
C010_lin_r_v_z_0,linear,r + v = z,5,Y,3.973237962903704,-0.5996578268422428,0.5403130517243635,-0.03824301750662906
C011_lin_re_p_x_q_1,linear,p = q - x,5,Y,4.2809495461740825,-0.6760342442633039,0.46295761273380076,-0.08755241014591679
C012_solve_z_8_9_2,simple_solve,z + 8 = 9,5,Y,7.161366656063347,-0.10169320080186287,0.4625131664666605,-0.18102179330599608
C013_pow2_p_r_x_3,power,p ^ 2 + r ^ 2 = x ^ 2,11,Y,15.472222248420838,-0.2684865791375003,0.3638637400971128,-0.21834011243058982
C014_ratio_q_d_F_4,ratio,q ÷ d = F,5,Y,4.850605284692442,-0.609600717279536,0.4736852150194327,-0.11274220758507077
C015_root_F_E_v_5,root,F = √ ( E ^ 2 + v ^ 2 ),12,Y,16.587666766132006,-0.36702880225646745,0.15540777848330636,-0.13320069161860068
C016_area_p_6,geometry,A = π p ^ 2,6,Y,8.97770302280103,-0.27348724027828814,0.11088692877138513,-0.0908735864386299
C017_phys_a_t_7,physics,F = a t,4,Y,4.109338882644179,-0.49760988587030297,0.5301561067966124,0.09783895132177628
C018_poly_s_p_c_8,polynomial,s ^ 2 + p × s + c = 0,11,Y,13.123005160844532,-0.392432252465041,0.42503957415820925,-0.07675212124808023
C019_lin_b_c_m_9,linear,b + c = m,5,Y,5.170802759449057,-0.4551919055875965,0.602058466873838,-0.12307646157391335
C020_lin_re_E_t_F_10,linear,E = F - t,5,Y,4.760227358497859,-0.6405348861638887,0.5057397674874565,0.02588267072492496
C021_solve_E_7_7_11,simple_solve,E + 7 = 7,5,Y,7.283080184448059,-0.10512330530996501,0.41667283584102577,-0.19955630884084088
C022_pow2_b_m_a_12,power,b ^ 2 + m ^ 2 = a ^ 2,11,Y,15.874362072227068,-0.19343445158094974,0.39942657364020007,-0.20799954337787654
C023_ratio_c_z_s_13,ratio,c ÷ z = s,5,Y,5.332040352145957,-0.5623503996334147,0.4941170555508069,-0.14896210074395827
C024_root_z_c_d_14,root,z = √ ( c ^ 2 + d ^ 2 ),12,Y,17.099453065324294,-0.29036146893610976,0.1844252404147836,-0.2573996527480985
C025_area_y_15,geometry,A = π y ^ 2,6,Y,9.01642707783742,-0.21119705836286354,0.14773374169246192,-0.18700896821613133
C026_phys_t_F_16,physics,F = t F,4,Y,2.938992526026505,-0.6123204054465154,0.493437432239064,0.16719361613705488
C027_poly_d_y_s_17,polynomial,d ^ 2 + y × d + s = 0,11,Y,12.767569076186746,-0.31318624508896753,0.46509184672725234,-0.1995610447430816
C028_lin_A_a_y_18,linear,A + a = y,5,Y,5.192209374044261,-0.5015373656042537,0.5783657842541717,-0.07030473529629741
C029_lin_re_x_q_A_19,linear,x = A - q,5,Y,4.833448027467867,-0.6375446026450066,0.4901117971657897,-0.07902948090773901
C030_solve_F_4_9_20,simple_solve,F + 4 = 9,5,Y,7.373556140929496,-0.11195753081423314,0.3955555495228599,-0.12857236688644866
C031_pow2_A_c_x_21,power,A ^ 2 + c ^ 2 = x ^ 2,11,Y,16.0718094613742,-0.22313196810598457,0.3804525803996317,-0.2283706742225907
C032_ratio_v_F_E_22,ratio,v ÷ F = E,5,Y,5.165463842078639,-0.6406501038384724,0.4742146835181269,0.010290780631227799
C033_root_v_m_x_23,root,v = √ ( m ^ 2 + x ^ 2 ),12,Y,16.4717642085028,-0.35243452386540647,0.15638892524211345,-0.17356310089632623
C034_phys_v_y_25,physics,F = v y,4,Y,4.0146035225751,-0.5626980932347992,0.5074681974819604,0.04289743736230356
C035_poly_p_q_E_26,polynomial,p ^ 2 + q × p + E = 0,11,Y,12.184204929545796,-0.4346746869736247,0.41825959468917484,-0.07596996878869434
C036_lin_p_v_z_27,linear,p + v = z,5,Y,4.368165791337183,-0.6585724221156708,0.4930900904550416,0.03800634620761508
C037_lin_re_A_E_t_28,linear,A = t - E,5,Y,4.350232870290568,-0.6439012678091924,0.4980565075091509,0.0438659033126894
C038_solve_c_9_3_29,simple_solve,c + 9 = 3,5,Y,7.463202890665217,-0.02565996590335735,0.4054689702746222,-0.216818303704305
C039_pow2_x_z_b_30,power,x ^ 2 + z ^ 2 = b ^ 2,11,Y,15.691448485782047,-0.2073480275699711,0.39147159005443977,-0.2675471388532439
C040_ratio_q_b_s_31,ratio,q ÷ b = s,5,Y,4.776900823744795,-0.6304215799031151,0.450548637084718,-0.05158287519872111
C041_root_q_y_z_32,root,q = √ ( y ^ 2 + z ^ 2 ),12,Y,16.068984609159962,-0.36014224649709337,0.15734343583609303,-0.21798497971432337
C042_area_q_33,geometry,A = π q ^ 2,6,Y,8.87532436709337,-0.2800878956373615,0.10928295548416582,-0.1073018636019449
C043_phys_a_x_34,physics,F = a x,4,Y,4.039544477116416,-0.4147866500165842,0.5795574181771838,-0.09791256876805168
C044_poly_s_A_y_35,polynomial,s ^ 2 + A × s + y = 0,11,Y,13.056266427602168,-0.39559917883215845,0.43176963526475765,-0.0767521212480803
C045_lin_y_q_d_36,linear,y + q = d,5,Y,3.81521131159259,-0.5674760324884934,0.5357979608677985,-0.15642963904385995
C046_lin_re_F_d_t_37,linear,F = t - d,5,Y,4.894697185723558,-0.578419823162273,0.5109222890309131,-0.043529641942879435
C047_solve_b_2_4_38,simple_solve,b + 2 = 4,5,Y,7.6378657744897644,0.009693288501868413,0.32827551612048234,-0.24076310987758492
C048_pow2_d_x_p_39,power,d ^ 2 + x ^ 2 = p ^ 2,11,Y,15.060680451086116,-0.24340403149382367,0.36545489999588104,-0.23951407306739536
C049_ratio_t_A_s_40,ratio,t ÷ A = s,5,Y,4.573281638463859,-0.6944089729804258,0.4201285273810935,0.09122111412318268
C050_root_F_v_s_41,root,F = √ ( v ^ 2 + s ^ 2 ),12,Y,16.356832709962475,-0.3851899825740446,0.1368423555418861,-0.10427889467368219
C051_phys_q_F_43,physics,F = q F,4,Y,2.8543245433670292,-0.6426454325817837,0.48860479606052465,0.10824928640595467
C052_poly_c_q_t_44,polynomial,c ^ 2 + q × c + t = 0,11,Y,12.617869868858346,-0.3415981896834628,0.4498635949167939,-0.13634167885839144
C053_lin_t_v_z_45,linear,t + v = z,5,Y,4.605623434054079,-0.6422331868383442,0.49503143145320994,0.06544787739651722
C054_lin_re_F_q_y_46,linear,F = y - q,5,Y,4.304120948233541,-0.6420278266614948,0.5005488425467618,-0.083215486745545
C055_solve_m_2_7_47,simple_solve,m + 2 = 7,5,Y,7.522479348438965,-0.08237663972689672,0.3481809863977442,-0.16789870218778752
C056_pow2_m_s_d_48,power,m ^ 2 + s ^ 2 = d ^ 2,11,Y,15.644776302401963,-0.2561030838142049,0.3658150747109184,-0.18744040582977128
C057_ratio_t_c_q_49,ratio,t ÷ c = q,5,Y,4.93693081919014,-0.6290086074308618,0.44662982406356927,-0.0598478248261894
C058_root_x_a_E_50,root,x = √ ( a ^ 2 + E ^ 2 ),12,Y,16.76139016866326,-0.3040199065858506,0.18334532333796325,-0.22426325815514203
C059_area_v_51,geometry,A = π v ^ 2,6,Y,9.16945068221117,-0.25419983193512874,0.1140429471859582,-0.06261796731153312
C060_phys_m_t_52,physics,F = m t,4,Y,3.435304201478447,-0.6068084288638331,0.5014791242661474,0.14078128884831353
C061_poly_z_y_m_53,polynomial,z ^ 2 + y × z + m = 0,11,Y,12.511617057607166,-0.3390755156974507,0.4795825065858811,-0.19759604940717887
C062_lin_x_r_v_54,linear,x + r = v,5,Y,4.784879188056313,-0.5837423552001109,0.5352556137299926,-0.07002347684435209
C063_lin_re_m_y_E_55,linear,m = E - y,5,Y,4.520687815960957,-0.5777163218765599,0.5544479556162469,-0.138051180427972
C064_solve_y_2_1_56,simple_solve,y + 2 = 1,5,Y,7.779539930787304,-0.01760750739405219,0.2734759086353413,-0.22193588816861393
C065_pow2_a_p_z_57,power,a ^ 2 + p ^ 2 = z ^ 2,11,Y,15.145219247999963,-0.24176186458794977,0.3738850404522865,-0.19875566340779088
C066_ratio_E_s_m_58,ratio,E ÷ s = m,5,Y,4.454917566553849,-0.6509911082584017,0.4778447914860526,-0.028753275931888943
C067_root_z_a_m_59,root,z = √ ( a ^ 2 + m ^ 2 ),12,Y,16.808499455732935,-0.3130328250026364,0.18367334188928688,-0.20150906706991067
C068_area_c_60,geometry,A = π c ^ 2,6,Y,9.206321804208176,-0.17331632534123362,0.15802378335711384,-0.17990652718431643
C069_phys_c_d_61,physics,F = c d,4,Y,3.6878703175769045,-0.39218785610519746,0.5815736236653435,-0.14237242617463966
C070_poly_m_b_p_62,polynomial,m ^ 2 + b × m + p = 0,11,Y,12.87451427551706,-0.3550347256980321,0.4638804017727543,-0.11013916406897409
C071_lin_y_q_z_63,linear,y + q = z,5,Y,3.601425509514208,-0.6148898802598405,0.5315942759181829,-0.1309767874738808
C072_lin_re_v_E_c_64,linear,v = c - E,5,Y,4.872430738639293,-0.5553801567685598,0.5293124296793559,-0.06503134305669821
C073_solve_y_5_1_65,simple_solve,y + 5 = 1,5,Y,7.634737238123605,-0.040218200505920156,0.30980920375554594,-0.24893501131737028
C074_pow2_v_x_z_66,power,v ^ 2 + x ^ 2 = z ^ 2,11,Y,15.749529563337141,-0.25443537592998544,0.36526559869945924,-0.21253243919353385
C075_ratio_x_m_s_67,ratio,x ÷ m = s,5,Y,5.132671021068485,-0.6203744213860012,0.4737661900855228,-0.10449319636743726
C076_root_v_d_x_68,root,v = √ ( d ^ 2 + x ^ 2 ),12,Y,16.646403236195383,-0.32417177571550243,0.16032755649821792,-0.21199723086909147
C077_phys_s_c_70,physics,F = s c,4,Y,4.079564576928753,-0.5243152258099484,0.5193992029117619,0.03115835549487135
C078_poly_v_y_A_71,polynomial,v ^ 2 + y × v + A = 0,11,Y,13.089146448211112,-0.382189555481181,0.43431804040452227,-0.06046648967342243
C079_lin_s_y_a_72,linear,s + y = a,5,Y,5.0013471124401985,-0.531632702896835,0.5521955762659294,-0.06283511631408271
C080_lin_re_d_c_x_73,linear,d = x - c,5,Y,4.616184891460148,-0.4338121598184337,0.5721701192279502,-0.29751008355997893
C081_solve_c_6_1_74,simple_solve,c + 6 = 1,5,Y,7.677447317181491,0.001734961299003701,0.33546294168252067,-0.23490019222025788
C082_pow2_q_r_s_75,power,q ^ 2 + r ^ 2 = s ^ 2,11,Y,15.119496758044951,-0.3058158091672611,0.34458956664095736,-0.1613227031090559
C083_ratio_F_m_A_76,ratio,F ÷ m = A,5,Y,4.646040553967089,-0.6310208847901202,0.49331145238143403,0.007736566183721594
C084_root_r_p_a_77,root,r = √ ( p ^ 2 + a ^ 2 ),12,Y,16.851711353863852,-0.33554672565867333,0.16677014819777206,-0.17995905581508867
C085_phys_q_A_79,physics,F = q A,4,Y,2.9308671038366367,-0.6468534096384133,0.47900072108764274,0.13072832714066024
C086_poly_v_s_x_80,polynomial,v ^ 2 + s × v + x = 0,11,Y,13.271521554895163,-0.39230125167699437,0.4211707706813818,-0.06334267502239688
C087_lin_y_A_q_81,linear,y + A = q,5,Y,4.371830962464682,-0.6430825909597127,0.5122286322531755,-0.025074632690465858
C088_lin_re_z_s_A_82,linear,z = A - s,5,Y,4.929980832749308,-0.6371449835305343,0.4980779795485703,-0.011542540753645514
C089_solve_A_5_8_83,simple_solve,A + 5 = 8,5,Y,7.482879301737048,-0.11572681843772312,0.38559782585132973,-0.13664421171321456
C090_pow2_a_z_x_84,power,a ^ 2 + z ^ 2 = x ^ 2,11,Y,15.450392343951535,-0.20421739915144907,0.3927315814080254,-0.2574646110818637
C091_ratio_p_y_q_85,ratio,p ÷ y = q,5,Y,4.269522315987524,-0.6908047223341442,0.43234043306781855,-0.09581228525326944
C092_root_d_x_A_86,root,d = √ ( x ^ 2 + A ^ 2 ),12,Y,16.655089491267397,-0.31777812921279147,0.17006379080426007,-0.22257381991673245
C093_phys_F_y_88,physics,F = F y,4,Y,3.838620883197076,-0.5393091766700369,0.5462809753729688,-0.011311370515324964
C094_poly_b_m_s_89,polynomial,b ^ 2 + m × b + s = 0,11,Y,12.977507033827868,-0.31464120015267233,0.47349566608649546,-0.1285677472043712
C095_metric_xzr,metric,x ^ 2 + z ^ 2 = r ^ 2,11,Y,15.20543321378671,-0.23817641899287773,0.38500911650483843,-0.262603396769334
C096_metric_xyz,metric,x ^ 2 + y ^ 2 = z ^ 2,11,Y,15.2813731416217,-0.2309793176178407,0.38364239570300673,-0.28038207605058746
C097_metric_reordered,metric,y ^ 2 + x ^ 2 = r ^ 2,11,Y,15.358440131637911,-0.2345101162745414,0.3839620016904275,-0.270777593400136
C098_energy_v,physics,E = m v ^ 2,6,Y,7.575349969554145,-0.38592532013541786,0.41950833872123267,-0.04195157842141963
C099_work_energy,physics,E = F s,4,Y,3.5177792897150115,-0.6095951768556538,0.5056201604121129,0.09793306105413621
C100_area_d,geometry,A = π d ^ 2,6,Y,9.143440601652252,-0.17840707353702412,0.153156522976895,-0.19323365070131018
