equation,from_index,to_index,edge_type
E1_linear_symbolic,0,1,sequence
E1_linear_symbolic,1,2,sequence
E1_linear_symbolic,2,3,sequence
E1_linear_symbolic,3,4,sequence
E1_linear_symbolic,4,0,closure
E2_simple_solve,0,1,sequence
E2_simple_solve,1,2,sequence
E2_simple_solve,2,3,sequence
E2_simple_solve,3,4,sequence
E2_simple_solve,4,0,closure
E3_pythagorean,0,1,sequence
E3_pythagorean,1,2,sequence
E3_pythagorean,2,3,sequence
E3_pythagorean,3,4,sequence
E3_pythagorean,4,5,sequence
E3_pythagorean,5,6,sequence
E3_pythagorean,6,7,sequence
E3_pythagorean,7,8,sequence
E3_pythagorean,8,9,sequence
E3_pythagorean,9,10,sequence
E3_pythagorean,10,0,closure
E4_energy_mass,0,1,sequence
E4_energy_mass,1,2,sequence
E4_energy_mass,2,3,sequence
E4_energy_mass,3,4,sequence
E4_energy_mass,4,5,sequence
E4_energy_mass,5,0,closure
