equation,token_index,token,family,x,y,z,canonical_x,canonical_y,canonical_z
E1_linear_symbolic,0,a,variable,-0.01910097534574534,0.9830583654182419,-0.1751266246116035,-0.054100975345745345,0.9830583654182419,-0.1751266246116035
E1_linear_symbolic,1,+,operator,-0.7830123543756393,0.6275391373295258,-0.12203413966697285,-0.7938279491787624,0.5942521592591955,-0.12923450900755565
E1_linear_symbolic,2,b,variable,-0.17789721501345795,0.9192540140187798,-0.4239571803161619,-0.1495816202103348,0.8986815301885432,-0.41230673799154627
E1_linear_symbolic,3,=,relation,-0.9207986945980944,-0.43627018881849616,-0.16347618228698788,-0.8924830997949712,-0.4156977049882596,-0.1751266246116035
E1_linear_symbolic,4,c,variable,-0.23647889394516128,0.8435531382801335,-0.41950710733212904,-0.24729448874828444,0.8768401163504639,-0.41230673799154627
E2_simple_solve,0,x,variable,-0.3346138683372696,0.912532878139142,-0.1751266246116035,-0.3696138683372696,0.912532878139142,-0.1751266246116035
E2_simple_solve,1,+,operator,-0.7830123543756393,0.6275391373295258,-0.12203413966697285,-0.7938279491787624,0.5942521592591955,-0.12923450900755565
E2_simple_solve,2,1,numeric,0.9456700761321224,0.1303143127950928,-0.20991451821399087,0.9739856709352456,0.10974182896485625,-0.19826407588937525
E2_simple_solve,3,=,relation,-0.9207986945980944,-0.43627018881849616,-0.16347618228698788,-0.8924830997949712,-0.4156977049882596,-0.1751266246116035
E2_simple_solve,4,3,numeric,0.9011035059414635,0.20526494875037904,-0.395118419308688,0.8902879111383404,0.23855192682070941,-0.38791804996810525
E3_pythagorean,0,x,variable,-0.3346138683372696,0.912532878139142,-0.1751266246116035,-0.3696138683372696,0.912532878139142,-0.1751266246116035
E3_pythagorean,1,^,operator,-0.9086481226560807,0.2626414253068257,-0.2349961092125967,-0.938091996305172,0.2437189966958798,-0.24613910115568954
E3_pythagorean,2,2,numeric,0.9494035942760135,0.2087229451204967,-0.2985416415304074,0.9348640688209475,0.17688582528308855,-0.30779957381624706
E3_pythagorean,3,+,operator,-0.7988089685183274,0.6288959097250282,-0.13268573282886315,-0.7938279491787624,0.5942521592591955,-0.12923450900755565
E3_pythagorean,4,y,variable,-0.4904380461406099,0.892913963330159,0.1630013119485622,-0.4675179204525249,0.86646272822776,0.17512662461160364
E3_pythagorean,5,^,operator,-0.9716742503816794,0.2535796361853298,-0.2527619511695206,-0.938091996305172,0.2437189966958798,-0.24613910115568954
E3_pythagorean,6,2,numeric,0.9012818147444401,0.1670251857936385,-0.301176723802416,0.9348640688209475,0.17688582528308855,-0.30779957381624706
E3_pythagorean,7,=,relation,-0.9154032254830562,-0.44214894009065864,-0.16300131194856207,-0.8924830997949712,-0.4156977049882596,-0.1751266246116035
E3_pythagorean,8,r,variable,-0.5229665011238669,0.714818853316007,0.4157579618128539,-0.5179854817843019,0.7494626037818397,0.4123067379915464
E3_pythagorean,9,^,operator,-0.923552470850106,0.21188187685847165,-0.2553970334415292,-0.938091996305172,0.2437189966958798,-0.24613910115568954
E3_pythagorean,10,2,numeric,0.9643079424700389,0.15796339667214263,-0.31894256575933994,0.9348640688209475,0.17688582528308855,-0.30779957381624706
E4_energy_mass,0,E,variable,-0.5620991069007377,0.6880957857341604,0.4123067379915464,-0.5970991069007378,0.6880957857341604,0.4123067379915464
E4_energy_mass,1,=,relation,-0.8749830997949712,-0.38538681585580425,-0.16451781341524413,-0.8924830997949712,-0.4156977049882596,-0.1751266246116035
E4_energy_mass,2,m,variable,-0.7404742294220954,0.69862139252416,0.1645178134152445,-0.7229742294220954,0.6683105033917046,0.17512662461160386
E4_energy_mass,3,c,variable,-0.28229448874828444,0.8768401163504639,-0.41230673799154627,-0.24729448874828444,0.8768401163504639,-0.41230673799154627
E4_energy_mass,4,^,operator,-0.955591996305172,0.21340810756342443,-0.23553028995933017,-0.938091996305172,0.2437189966958798,-0.24613910115568954
E4_energy_mass,5,2,numeric,0.9523640688209475,0.1465749361506332,-0.31840838501260643,0.9348640688209475,0.17688582528308855,-0.30779957381624706
