seed,dynamic_auc,dynamic_recovered,dynamic_recovery_steps,uncoupled_auc,uncoupled_recovered,uncoupled_recovery_steps,matched_fixed_auc,matched_fixed_recovered,matched_fixed_recovery_steps,shuffled_schedule_auc,shuffled_schedule_recovered,shuffled_schedule_recovery_steps,repulsive_auc,repulsive_recovered,repulsive_recovery_steps,dynamic_dt_noise_auc,dynamic_dt_noise_recovered,dynamic_dt_noise_recovery_steps,observed_correlation,surrogate_correlation
0,0.8734104446381921,true,111,-0.13353546605765185,false,,0.9075502883148466,true,90,0.9078577138334509,true,90,-0.6448131788550375,false,,0.8756916700717993,true,108,0.0021262186591134995,-0.024310048718351338
1,0.9224980664069018,true,94,0.1688243633868225,false,,0.9352798818922823,true,78,0.9347716285259831,true,78,-0.5878298890114689,false,,0.927752868937389,true,88,0.0037957297174650772,-0.010777043731652579
2,0.8944651938325316,true,105,-0.0792808098298662,false,,0.9187098340929007,true,86,0.9189667475632901,true,86,-0.6321501531195916,false,,0.9024191068490228,true,101,0.017062317696105625,-0.0027561931965429725
3,0.9064318752956858,true,75,0.005103923672716896,false,,0.9263405365630709,true,70,0.9267909635979057,true,70,-0.6289215834169102,false,,0.9075495984455283,true,73,-0.03053553211963195,-0.027238712074146562
4,0.9136198240597366,true,87,0.09792230759781091,false,,0.9287262755425418,true,76,0.9286732929544222,true,76,-0.5991425205842665,false,,0.9148617290865353,true,90,-0.0009833210799508546,0.05654371214158177
5,0.9166995604661009,true,92,-0.007957391441505837,false,,0.9304633910890824,true,80,0.9303363279486869,true,80,-0.63744394964285,false,,0.9209267252514102,true,88,0.007427339339477545,-0.006452883091724516
6,0.9241699834594045,true,69,0.11043058582104996,false,,0.9364802984185181,true,64,0.9364986449174018,true,63,-0.6042822956799815,false,,0.9229722241534104,true,71,-0.05895261788820781,-0.02074487865417006
7,0.9060753331077238,true,105,0.010883335323368857,false,,0.9255921681959473,true,84,0.9249958722039461,true,85,-0.6148439443108515,false,,0.9203291225596891,true,92,0.026460560524305687,-0.03263519773541997
8,0.9046210229355232,true,81,0.011190202344173459,false,,0.9240074723429348,true,75,0.9240223042893277,true,75,-0.6181711485319671,false,,0.9081981375804812,true,79,0.0076704915254987354,-0.03474408947340477
9,0.8868301386989693,true,107,0.1825343251600121,false,,0.9144010106879055,true,86,0.9135777547059719,true,85,-0.5720178669851759,false,,0.882331265431667,true,113,0.006049827000194725,-0.014640710151870403
10,0.8847377641113596,true,77,0.002083472984707494,false,,0.9159590168979231,true,72,0.9160167137024877,true,74,-0.6341117823266194,false,,0.8887383469600686,true,76,0.004529750068051341,-0.016086335334748392
11,0.8963972715338924,true,107,-0.04534514775895485,false,,0.9199924845670313,true,85,0.9197803388578086,true,85,-0.6248667391123504,false,,0.9020517612216087,true,103,-0.0024814153696551136,-0.02828078482877846
12,0.8258827308528107,true,131,-0.2754878905259558,false,,0.8879270271563151,true,96,0.8878736751770836,true,96,-0.6725097893347356,false,,0.826782721648208,true,130,0.06577705454469748,0.004542643160169724
13,0.8589161135307991,true,124,-0.15637211575367546,false,,0.9016030121920321,true,94,0.8999699082876335,true,94,-0.648375415631579,false,,0.8607040437555654,true,123,-0.01415962112121305,-0.03889887521871921
14,0.8016872887772817,true,83,-0.252675506671139,false,,0.8893328082612346,true,79,0.8887780845079077,true,78,-0.6754520914523523,false,,0.8131648727015542,true,81,0.025979683291211267,0.033674784001279955
15,0.8942594163835448,true,79,0.006058379154253453,false,,0.9191246266412557,true,73,0.9180192212950153,true,74,-0.6188677970308295,false,,0.9000289361708506,true,77,-0.010005019468644065,0.0016539914716379432
16,0.8911035882423564,true,117,-0.028807956915310105,false,,0.9182894019555196,true,90,0.9188936523883641,true,89,-0.622979471692734,false,,0.8940786973430507,true,114,0.03418188855581093,-0.04261767144818325
17,0.7791608175616132,true,186,-0.1925497483480996,false,,0.8788526420462411,true,116,0.8765453039883103,true,119,-0.6339336775476843,false,,0.7982894085849828,true,174,-0.03825979770597563,-0.03332679832863613
18,0.8853038601083453,true,83,-0.13175902135617154,false,,0.9146201564140796,true,75,0.914781196276879,true,75,-0.6476993621185123,false,,0.8885818861520006,true,86,-0.00930966616220854,-0.05454090921055596
19,0.8960424042089611,true,85,0.14083951917099027,false,,0.9194653029159816,true,77,0.9190245912925303,true,77,-0.5847223219121261,false,,0.8961930819155137,true,86,-0.06751011985750725,0.029105604585814165
20,0.9066871960717262,true,93,0.04381111930968751,false,,0.9243215805527165,true,80,0.9246841302662868,true,80,-0.6090959297121386,false,,0.9133603234238251,true,89,0.00017098868265636266,-0.01144878256996641
21,0.8556408633674907,true,140,-0.22033616374745088,false,,0.9034358805886427,true,102,0.904470122210261,true,102,-0.6550431214032484,false,,0.8572644672534921,true,137,0.03963920175006346,0.044489131045784655
22,0.9086380465801143,true,91,-0.11439273216792037,false,,0.9258405981463212,true,78,0.9266639654284815,true,78,-0.6512323679403833,false,,0.9066939234034662,true,95,0.023940710175810016,-0.017095119844390775
23,0.9350210939947073,true,87,0.24439255811041183,false,,0.9443828175797028,true,76,0.9446871907696691,true,74,-0.578794323080568,false,,0.9336624001637372,true,91,-0.030620020821995844,0.01455533080774012
24,0.9047354466846573,true,77,-0.04754425247301396,false,,0.9244375072752935,true,71,0.9241526293466,true,70,-0.6315050944494984,false,,0.9061475363659114,true,80,0.003732407543264477,0.007342734746143757
25,0.889541378740308,true,95,-0.09347074023540491,false,,0.9149675206175384,true,83,0.9162680741992228,true,82,-0.6341067932293406,false,,0.8956475384752383,true,93,-0.001560082760135322,-0.026056102818462518
26,0.9016112070462851,true,80,-0.12034788025430629,false,,0.9224174958485374,true,71,0.9215348079671452,true,70,-0.6550596228268373,false,,0.9053147447053471,true,80,-0.0021166989821961068,0.010472807289810532
27,0.8961965549184688,true,92,-0.02708581195249014,false,,0.9186046499047774,true,81,0.918524184561225,true,82,-0.6251135865404434,false,,0.8947063116794735,true,93,-0.02910923376552682,-0.03138706185496629
28,0.9184403432756594,true,97,0.21145272681806032,false,,0.9335424790054141,true,82,0.9334504293349568,true,82,-0.5738573064910318,false,,0.9207415018652964,true,97,-0.01736245696959089,-0.026960642432874903
29,0.9312202941439114,true,95,0.107249377886138,false,,0.9430637208172861,true,81,0.9431085581683428,true,80,-0.6300749703417127,false,,0.9351392324777513,true,92,0.010638312157946446,0.05958641269184118
30,0.9060158221817234,true,73,0.11281892339999154,false,,0.9259105673154723,true,69,0.9266292602994153,true,68,-0.6028304786403901,false,,0.9081575057685167,true,74,0.01081898917174806,-0.023190689271954765
31,0.8926757864657137,true,120,0.12086136594743524,false,,0.9214647409515141,true,91,0.9211623984241075,true,93,-0.5824101953690153,false,,0.8873789103847554,true,125,0.026473514756332885,-0.008798572706176051
32,0.9017607953091435,true,81,-0.05725871062433846,false,,0.9224856506093344,true,73,0.9222241995921785,true,73,-0.6293286705612037,false,,0.8994602073696838,true,87,0.04947141123489388,-0.05639220479167724
33,0.8508405379825065,true,154,-0.02016675312381171,false,,0.9083366812347271,true,103,0.908700687029496,true,103,-0.6139627519138121,false,,0.84004656297171,true,161,-0.018022747663953908,-0.0194015337815429
34,0.9219596408835177,true,86,0.016063378929118997,false,,0.9339417094129939,true,76,0.9342841593102037,true,76,-0.6327469319534262,false,,0.9258275095620966,true,83,-0.0565975763968917,-0.03866385561211176
35,0.8845631141582638,true,112,0.017268818078972865,false,,0.9145788674832398,true,90,0.9146873737161451,true,90,-0.6063002364534793,false,,0.8790978081429394,true,118,0.03969226994778834,-0.0005886812587418675
36,0.9462180877267389,true,69,0.2695142274113867,false,,0.9510428963287426,true,64,0.9508055717254501,true,65,-0.5895851809660693,false,,0.9493944948206151,true,69,-0.04535466197346563,0.030774459938652257
37,0.9349989076105906,true,82,0.16175991568400028,false,,0.9427074957293643,true,72,0.9426207503865022,true,73,-0.5992824480249389,false,,0.9367704346120843,true,80,0.015927134937428238,-0.00496606379436081
38,0.8292697029913932,true,133,-0.24143249021898888,false,,0.888723808381006,true,102,0.8905714501959382,true,102,-0.6534472215130241,false,,0.8399194338972717,true,126,-0.0022730635801936267,-0.03612566116726463
39,0.9170253396828149,true,65,0.10124845649565478,false,,0.9328004184784023,true,61,0.9324592469779507,true,61,-0.6091456498855535,false,,0.9217304811289726,true,64,-0.021791870257114786,-0.026345357076890806
40,0.8993861315874014,true,97,0.056400335014588146,false,,0.9206286521902678,true,81,0.9206973094829832,true,81,-0.6061348700519265,false,,0.9021737164521346,true,97,0.019682841185667897,-0.002029133830406914
41,0.9335509314047024,true,71,0.28525384836876827,false,,0.9417772565876175,true,66,0.941984957880888,true,65,-0.5708652497947291,false,,0.9330843080326815,true,73,-0.040502646713682165,0.0008544693350770162
42,0.8903315121907213,true,107,-0.07450924294065539,false,,0.9169250181185732,true,84,0.916228652534232,true,85,-0.6390963718716061,false,,0.902748109224523,true,98,0.043200430219769596,0.01420045709800762
43,0.8956755729769729,true,91,-0.06629197397235959,false,,0.9188573220273977,true,76,0.9193739913772264,true,78,-0.6343766425146045,false,,0.8994105704539388,true,89,0.005225022487495991,-0.044159938651754986
44,0.8897766265855056,true,110,-0.0364243591843665,false,,0.917156054812029,true,89,0.9174737268727305,true,89,-0.6155474555960379,false,,0.8881036790214588,true,114,0.03978773855804768,0.05013671818956587
45,0.9214230917474169,true,84,0.1043586903509549,false,,0.933344293452061,true,73,0.9336921791188026,true,73,-0.6041385185330798,false,,0.9205178378397934,true,88,0.03483705139074437,-0.0006201735106446903
46,0.8576847076459456,true,103,-0.19792225345705977,false,,0.9010398431731194,true,88,0.9021533023973987,true,87,-0.6575461318563861,false,,0.8602212780829243,true,100,-0.042992321481701595,0.04176714346028264
47,0.9125058858325813,true,104,0.08967863995277116,false,,0.9317340507370022,true,84,0.9315261494242121,true,84,-0.6042769944751881,false,,0.9055257695010129,true,112,-0.03134634236365344,0.013595519680459293
48,0.9309126650865633,true,81,0.11663976950690519,false,,0.9397538544285992,true,73,0.9395331932135869,true,73,-0.6078840411322787,false,,0.9354046967559311,true,77,0.05696221320863705,0.005947884311051052
49,0.8940447892620516,true,111,-0.04343843739264366,false,,0.9198737727133927,true,89,0.9201376508092999,true,90,-0.6294672882789787,false,,0.902109594697515,true,106,-0.011538012040101861,-0.005886084716832769
50,0.945186771909676,true,69,0.22919290137737997,false,,0.9501684098969491,true,64,0.9499522828391901,true,64,-0.5980393831484269,false,,0.9490046179128231,true,68,-0.036862908308400534,-0.0746557238942398
51,0.8804797297204694,true,107,-0.005208483965939423,false,,0.9111733243398564,true,86,0.9107353039539385,true,87,-0.611725045161365,false,,0.8767723052570057,true,113,-0.01694768890317571,0.055637990500972956
52,0.9077277553484783,true,67,-0.18274979141095635,false,,0.9276795704219007,true,63,0.926943046576547,true,64,-0.6808823521071963,false,,0.9079423813944639,true,73,-0.03622990207418865,-0.0036728876715703706
53,0.8731821911552605,true,131,-0.026660797440958794,false,,0.9151587585439899,true,94,0.9160389755247721,true,94,-0.6164069372637007,false,,0.8799596298847562,true,129,-0.030806176740568084,-0.044048626277919445
54,0.8871014306543137,true,74,-0.014633311957700349,false,,0.9181917213806366,true,70,0.9191305449944196,true,70,-0.6240823390047074,false,,0.8876715586814596,true,76,0.08533423969119655,0.04004127986897415
55,0.9088080626216761,true,95,0.11677800647141677,false,,0.9266215294221719,true,80,0.9262880168915782,true,81,-0.5866413308150394,false,,0.9086693656841471,true,98,-0.01429240353714156,-0.0063743305012449085
56,0.9152536998921158,true,90,0.03807923586183966,false,,0.9294781303782822,true,78,0.9295753306502715,true,78,-0.6205398276035677,false,,0.9174651681064503,true,88,0.001528844799280319,-0.009629092229167172
57,0.899940429781298,true,96,-0.022041382789570258,false,,0.9205964894113496,true,82,0.9193934916433746,true,83,-0.6303960863766737,false,,0.8977149637039078,true,100,0.02777357767079812,-0.00546004477807659
58,0.8853226549567976,true,106,0.10711519074797497,false,,0.9132219420626926,true,89,0.9130637212069216,true,90,-0.5928827453864762,false,,0.8837627687458359,true,108,0.016770048677971973,0.06263452476485144
59,0.9152673926457867,true,59,0.13571904587903125,false,,0.933943817845892,true,56,0.9347894041836752,true,55,-0.600737149481184,false,,0.9204708458990086,true,54,-0.025377437728819476,-0.04469925011161775
60,0.9208424476542765,true,86,-0.0117673908478524,false,,0.9331513190005535,true,75,0.9335621688908182,true,75,-0.6304354321611512,false,,0.9236559470850673,true,85,-0.03700595084861134,-0.02115625378595812
61,0.880542252014077,true,84,-0.10351971532697193,false,,0.9127008236632808,true,74,0.912853775620668,true,75,-0.6419473695680634,false,,0.8846384387178002,true,81,0.04045644310459281,0.008369755230456539
62,0.8696467846681333,true,133,-0.10488913087561366,false,,0.9095905425066925,true,100,0.9100021240165265,true,100,-0.6405470879675639,false,,0.8746383324640469,true,127,0.06137546672065327,-0.021726091921804264
63,0.8878876910007933,true,70,-0.0319004801440264,false,,0.9192814444034797,true,66,0.9204473011772845,true,65,-0.6292600626789138,false,,0.8906862272259866,true,70,0.048628825844466726,0.06895715838352763
64,0.8925362501407097,true,74,-0.12461149842003895,false,,0.9199693406010506,true,69,0.9199030921160298,true,68,-0.6534406209691421,false,,0.8878369622440607,true,79,-0.029672467936805485,0.00005919475349821398
65,0.8863247605399691,true,78,-0.1295216890291293,false,,0.9167785431615247,true,72,0.9178003386824966,true,71,-0.6468806485710293,false,,0.8811618676163497,true,79,0.07799648577893417,0.016507333272924023
66,0.754899968346139,true,147,-0.27606777917190145,false,,0.8620490081079983,true,107,0.8652539782007419,true,103,-0.6635989524628378,false,,0.7657063081379387,true,142,-0.02331709100784482,-0.006784063549333012
67,0.8144437160680547,true,170,-0.051091240142155415,false,,0.8931116002682024,true,108,0.8946803859125645,true,107,-0.608153792840227,false,,0.822557920168538,true,164,0.003512704354891639,-0.009181451693949242
68,0.8585557823068525,true,55,-0.09708695637715811,false,,0.9150475656503056,true,55,0.9146235193264745,true,55,-0.6591583021228399,false,,0.8618453063839985,true,59,-0.019909777454505638,0.03476872693554872
69,0.932881405430545,true,77,0.20960660291381655,false,,0.9411200712039495,true,70,0.9410543875759728,true,71,-0.583277584410857,false,,0.9318407998656992,true,77,-0.044486664437655865,0.030772868837753882
70,0.9212721431471034,true,82,0.059181351424592625,false,,0.9331573875140835,true,72,0.9326990729128054,true,71,-0.616251809445766,false,,0.9257985028683398,true,82,0.023289127849946894,0.004403971588775806
71,0.8846322158154254,true,73,0.0014605802451442358,false,,0.9178593662959941,true,67,0.9192267325890159,true,66,-0.627544019762534,false,,0.89088482255435,true,70,0.04715845390830307,-0.011247943995349731
72,0.8228109142474423,true,77,-0.22254845428243383,false,,0.8959001234257238,true,73,0.8982714783237434,true,71,-0.671436975111896,false,,0.8282204376560107,true,78,0.0540646456510224,0.003439933011806577
73,0.8366590965013126,true,86,-0.27020252359259,false,,0.8976305731646369,true,81,0.8957018282112134,true,83,-0.6794084163558648,false,,0.8371597357703229,true,85,0.011566616667780591,-0.0052192757127380975
74,0.8888574879743465,true,109,-0.08933099032052158,false,,0.9162351562752724,true,87,0.9162545337673476,true,88,-0.6438526999898511,false,,0.8968069221268943,true,105,0.024196922310862456,-0.04611007060503737
75,0.8859240896631203,true,107,-0.08300520880398407,false,,0.9141515535325437,true,87,0.9143431138131852,true,87,-0.6296689052360951,false,,0.887849121207935,true,109,0.0031463487496978084,0.014273286909450424
76,0.8901352797561217,true,115,0.014257709132165718,false,,0.9181301771571723,true,93,0.9160798009197678,true,96,-0.6107282417610386,false,,0.8931543618608017,true,114,0.041869250939994905,-0.035348027079378175
77,0.8721980517566783,true,101,-0.14684489467429704,false,,0.9069405484321321,true,85,0.9061312360793866,true,85,-0.6471563339109286,false,,0.8747119489604795,true,103,0.030691825614200127,0.012835261073959799
78,0.8461960676679513,true,118,-0.20095067711685383,false,,0.8952895628821782,true,95,0.8944716085600815,true,97,-0.6534690094636755,false,,0.8396990308729427,true,121,-0.003302497683894876,-0.00218966233521168
79,0.8898654145609634,true,94,-0.039940169550754565,false,,0.9154907034947396,true,81,0.9131878405000625,true,82,-0.6209275334570269,false,,0.8900785802543839,true,97,0.04011507952941913,0.017386775831873282
80,0.8733983622566529,true,128,-0.07811591861351634,false,,0.911065923458707,true,96,0.9131557749254762,true,95,-0.6295852091287659,false,,0.8890850091555298,true,116,0.0036305909735791088,0.016117914413050632
81,0.8874434708413101,true,113,-0.0450214472424897,false,,0.9167551054087612,true,87,0.9180130496765556,true,84,-0.6374256098539405,false,,0.8971051979956983,true,108,-0.0815125796681832,-0.0642306824712324
82,0.9049506465355475,true,108,0.024333586781395432,false,,0.9252514443360402,true,88,0.9246354186343626,true,88,-0.609534969798856,false,,0.9105625287033166,true,101,-0.013545132045820765,0.005384006826207788
83,0.9545549921371801,true,66,0.3626543979160978,false,,0.9576983387236209,true,63,0.9577190843395421,true,63,-0.5649500617177923,false,,0.9559039167645572,true,65,0.03145252133328185,0.07216444503587499
84,0.9362219256967149,true,70,0.14459898392590997,false,,0.9435469431164825,true,66,0.9436164214319503,true,66,-0.6069232802684164,false,,0.9394012736154329,true,68,-0.09740534208418869,-0.03825669890475553
85,0.9191188494287843,true,84,0.014653306164254636,false,,0.9321508701563007,true,75,0.9323041758870598,true,75,-0.6236837805825399,false,,0.9212800458401983,true,81,0.0012795960705232568,-0.009330366240908352
86,0.9288761500400547,true,81,0.15773358574624616,false,,0.9380850394257272,true,74,0.9382419243772436,true,74,-0.6001322702023189,false,,0.9328548878399245,true,80,0.04329717664477822,-0.007437897677117772
87,0.9267375815362183,true,76,0.12825149977539063,false,,0.9370802792435083,true,69,0.9369998912448656,true,68,-0.6039577657899415,false,,0.9283512316214347,true,77,0.02037277886597377,0.004698730940990858
88,0.9226411570088143,true,92,0.2525374101121309,false,,0.936269385701587,true,79,0.936117819054145,true,79,-0.5560752466805677,false,,0.9238263675998774,true,94,0.03691315687355275,-0.024112135551657428
89,0.9179084270994291,true,75,0.024565675327929238,false,,0.93225122877258,true,69,0.9324495555547578,true,69,-0.6179075868057,false,,0.9231008200190954,true,69,-0.053842424664862096,-0.06749772375097429
90,0.9249829296411606,true,66,0.06804703142099133,false,,0.9369664594242991,true,63,0.9366312318636134,true,64,-0.6218677330094443,false,,0.9308193023881942,true,64,0.036291740740034134,-0.04790920311812966
91,0.8628044784774278,true,125,-0.02176127012933582,false,,0.9032909456056892,true,97,0.9033538147425159,true,96,-0.60531258084456,false,,0.8650699250972942,true,123,0.0590701910664435,0.028287322582400066
92,0.9100063493786857,true,71,-0.07242528958417871,false,,0.9281090804816794,true,66,0.9280694053090577,true,68,-0.6484870824476986,false,,0.9130609626211409,true,72,0.06218097931374612,0.0035032207473986695
93,0.821193801202327,true,91,-0.16156131431767803,false,,0.8915749559587678,true,82,0.8890875756897202,true,85,-0.6572982135943198,false,,0.8323382907644047,true,90,0.08751847719064065,0.015947807703955468
94,0.9214496456568887,true,80,0.1747409639045559,false,,0.9336950236658186,true,71,0.9329429168564467,true,73,-0.5878051468535402,false,,0.9240384449321457,true,80,0.030954153361859988,-0.05018865891183389
95,0.8836468774208762,true,96,-0.07845214250012954,false,,0.9119764922952383,true,83,0.9113556077349492,true,83,-0.6361680077422648,false,,0.894101938837992,true,89,-0.014382764320891767,-0.006469646712110609
96,0.8268103090806457,true,140,-0.08081912778199529,false,,0.8897416606678432,true,100,0.8893523292104054,true,103,-0.6066247825113646,false,,0.8348361082704493,true,138,-0.0030900196350937673,-0.03774113221832805
97,0.9080555939524488,true,94,0.05342314096798178,false,,0.9258526358883064,true,82,0.9263864650923844,true,82,-0.6012043134883033,false,,0.9085345815693351,true,96,-0.006140069748590568,-0.02658446223598933
98,0.9270311061739243,true,78,0.0926461692610867,false,,0.9371124970328448,true,70,0.9375370701069288,true,69,-0.6073791320120413,false,,0.9276204174162911,true,80,0.029214005895064597,-0.06520602127239468
99,0.8571967228807551,true,130,-0.07068023538240543,false,,0.9033872658269753,true,95,0.9032666033730808,true,95,-0.6164011651795561,false,,0.8552693421563987,true,136,0.023563757783184706,-0.02675619561255323
100,0.911160428538791,true,89,0.08468717678110443,false,,0.9277305517424749,true,79,0.9277250137786888,true,79,-0.595705472458668,false,,0.9046915271339472,true,98,-0.045548129644830536,-0.0005445336816515918
101,0.898615062915137,true,110,0.0369513929835511,false,,0.9231733214025598,true,87,0.9231338218083663,true,87,-0.6101562935656201,false,,0.9130501400495328,true,100,-0.025276262223339098,-0.07408879271210492
102,0.8482868561727749,true,95,-0.13681404824721718,false,,0.8988837920760308,true,84,0.9006699876313006,true,84,-0.6472594281705676,false,,0.8540367882934476,true,93,-0.002146855594043061,0.004188537594281336
103,0.9231935224458283,true,84,0.14109104410023904,false,,0.9347945707710001,true,75,0.9345660449679053,true,75,-0.5903518301177727,false,,0.9252749965336775,true,86,0.03510625022642607,-0.061461877412106514
104,0.9333738217049931,true,79,0.20519318569278866,false,,0.9417058437811474,true,70,0.9419655049930176,true,69,-0.5853788017109887,false,,0.9368356872431595,true,79,0.032835607958668064,-0.022551771217686426
105,0.835938117021172,true,97,-0.0958338631776996,false,,0.8940358719902501,true,83,0.8930359375094055,true,82,-0.6340303975537916,false,,0.8386013801441259,true,97,-0.043692453043014834,-0.02304007704854361
106,0.8030847123698479,true,135,-0.2857026755988217,false,,0.8779138921535776,true,103,0.8741039847437845,true,104,-0.6643107476749963,false,,0.7931485779722504,true,144,0.026417817654726682,0.03748147556740242
107,0.9309926784947985,true,70,0.1624215255136625,false,,0.9397683288640274,true,64,0.9397314088268587,true,64,-0.5978542706319154,false,,0.9333659260262506,true,74,-0.015875450825047356,-0.01294613376991367
108,0.9148124715139131,true,73,-0.03694950016012636,false,,0.9303361541755719,true,67,0.930575806281827,true,67,-0.6390580609702333,false,,0.9185562766558444,true,69,0.030706738309943502,0.03481546728447816
109,0.9224044569190345,true,62,0.1283631034675875,false,,0.9362956725560875,true,59,0.9356546758379427,true,59,-0.6063077298788293,false,,0.9277328630022357,true,60,-0.05826570801410808,0.018047077118537775
110,0.9306663362163686,true,78,0.1426335453799365,false,,0.9397460016054225,true,70,0.939981032146184,true,69,-0.597958347431794,false,,0.9396376678001892,true,70,0.0030470138537816854,0.021715218596181227
111,0.9409418023950927,true,74,0.22127774033388145,false,,0.9472729357299259,true,68,0.9474117495356407,true,68,-0.5918083466904389,false,,0.9425083363473536,true,75,-0.028560177787294545,-0.04534968867185326
112,0.8307554109418253,true,159,0.010187234883878814,false,,0.8994153262092377,true,107,0.899750731649508,true,109,-0.5853496804927427,false,,0.8280420044418958,true,164,-0.08428611814522169,0.0023441675316287222
113,0.8829361608676118,true,124,-0.01468847107173089,false,,0.9155434896255223,true,94,0.9158412399989796,true,94,-0.6125364541108201,false,,0.8937948228984336,true,113,-0.04974440223892301,-0.04368871433342641
114,0.8285585496565161,true,145,-0.13538006967905153,false,,0.8903415701678057,true,103,0.8915731443169009,true,99,-0.624914432316981,false,,0.8065972138897125,true,161,-0.006784398155728152,0.0527350749023096
115,0.9144710910265709,true,86,0.0589762851321945,false,,0.9289016202077354,true,78,0.9288950336717142,true,78,-0.6156732527224542,false,,0.9195319931161947,true,81,-0.015578963383241804,0.04403311392239639
116,0.9249757958012341,true,88,0.21353377416768624,false,,0.936571506482894,true,75,0.9368298392339143,true,75,-0.5716114491104919,false,,0.9245039541188772,true,90,0.02788521253670513,0.029512336979991907
117,0.8979027208933629,true,107,-0.00371695102196352,false,,0.9217494546140577,true,86,0.9217409303651812,true,87,-0.6218016556757763,false,,0.8958447004287855,true,111,0.018057511404377412,-0.006024741896076796
118,0.8760714877890052,true,105,0.012213547715589001,false,,0.9086130681126054,true,87,0.9084295505078488,true,87,-0.6053974335885833,false,,0.8849123820287217,true,97,-0.00714512969107593,0.0020004768589907255
119,0.8322912535794544,true,109,-0.22705384703947584,false,,0.8903584165221892,true,92,0.8905870372269461,true,92,-0.6574408914729519,false,,0.8316081978060039,true,111,0.04016668926382381,0.04702048447074515
120,0.9225588465240983,true,66,0.058830421172609206,false,,0.9359261921258075,true,62,0.9360559240873227,true,62,-0.626572497363227,false,,0.926798495767093,true,63,0.021147139727693623,0.021080691257446167
121,0.8918937541688576,true,80,-0.01645925448971988,false,,0.9188700815403416,true,75,0.9187750968540235,true,74,-0.6282561141776538,false,,0.8941530461481803,true,77,-0.005735648434312433,-0.011636301983902348
122,0.8982902178168601,true,79,-0.021945922042023194,false,,0.9212987360635491,true,73,0.9211036591063275,true,73,-0.6296166706403198,false,,0.8988238975673533,true,81,0.04182378172473482,-0.013721508510815422
123,0.8444445676896203,true,137,-0.1459870054610836,false,,0.8966772831313535,true,101,0.8948785106916499,true,103,-0.6361622462300417,false,,0.8351542364862536,true,145,-0.03507800290980604,-0.052166811276273
124,0.8592188011379718,true,100,-0.1301746429762454,false,,0.9011934600133201,true,86,0.9032089611181658,true,86,-0.6407188749935719,false,,0.860899892811426,true,102,0.043796041801640845,-0.005227985475991237
125,0.8740253422477826,true,89,-0.15500912505477807,false,,0.9094247426608634,true,80,0.9091942139889314,true,79,-0.6486844995112709,false,,0.8785847429785397,true,87,-0.007406263639503272,0.040897922419368404
126,0.9141211789500521,true,93,0.1340129430242543,false,,0.9287857295638501,true,80,0.9284383850960701,true,80,-0.5906012837234607,false,,0.9180501294147523,true,86,0.016741113515991078,0.015624151589561045
127,0.9516434867828019,true,70,0.37252381646434135,false,,0.955652448480948,true,65,0.9557447303124933,true,64,-0.5619328999548776,false,,0.9536914971568213,true,70,0.004520828904426075,0.018421627647998078
128,0.879704242125296,true,100,-0.0565053656205542,false,,0.9103033119513845,true,85,0.9105925010150409,true,85,-0.6253087479327659,false,,0.8735842349518029,true,108,-0.003906596305896175,0.08015812522863369
129,0.8854409824052404,true,79,-0.04685697843414671,false,,0.9161890240463563,true,73,0.9166341264922275,true,73,-0.6346986800481197,false,,0.8926229100300077,true,74,0.037676998631302354,-0.008700161207536038
130,0.9327602123370808,true,68,0.09815135637166349,false,,0.9412635089755081,true,63,0.940848847332714,true,63,-0.6224979728152108,false,,0.93467081888095,true,71,0.003094086311988792,0.03210907472506335
131,0.8860651685316433,true,96,-0.06138373448989814,false,,0.9137565569430254,true,84,0.9140437573687709,true,85,-0.6273074008850111,false,,0.8901494643920939,true,91,0.038536031819656015,0.010538780812150171
132,0.9157332110853819,true,90,0.10262409810072652,false,,0.9299047629749044,true,75,0.9303110912915606,true,74,-0.5988252230343789,false,,0.9139005150167588,true,91,0.005383915655459677,-0.0068233179277983405
133,0.8969237892049136,true,81,0.061630936805814135,false,,0.9208087694192024,true,75,0.9203022106328179,true,75,-0.6037638745643736,false,,0.8940039415688141,true,81,0.019319119416610058,-0.04387714911639759
134,0.8835166898891436,true,129,0.012737888454414262,false,,0.9195103950840663,true,95,0.920305986881819,true,96,-0.6153148460054105,false,,0.8868697969100953,true,127,0.040856458320139025,0.06279113099032019
135,0.8476857877001437,true,150,-0.060356527217807376,false,,0.9015175776565044,true,103,0.9005618573240026,true,104,-0.6137516185212937,false,,0.867631007883801,true,131,-0.007839723582303929,0.0024604465122021572
136,0.8659574594958606,true,108,-0.18031751816204733,false,,0.9047574982132631,true,84,0.906378631733522,true,82,-0.649569493973565,false,,0.8716495892586311,true,100,-0.024945536599479345,-0.0028700685391387583
137,0.8895923413343492,true,113,-0.03763063214801651,false,,0.9171928113801123,true,88,0.9172395269146869,true,87,-0.6250150676417355,false,,0.8961258312189111,true,107,0.012629432210081908,-0.03448154323525901
138,0.9290182899147554,true,71,0.13314471562963992,false,,0.9388152878371165,true,66,0.9389664174052598,true,65,-0.6034324261332416,false,,0.9327293657145445,true,68,0.041551755272992416,-0.02061099519976223
139,0.9267330770556826,true,83,0.09713361932115537,false,,0.9375654460253501,true,74,0.9376074041592571,true,74,-0.6083864109309389,false,,0.9325237399125503,true,80,0.020404749712283916,0.0019787455255094407
140,0.8747408801288119,true,129,-0.0869940565483685,false,,0.9129001340155005,true,94,0.9120074080530421,true,92,-0.6349694651543857,false,,0.8826632137137234,true,123,0.03390277365857897,-0.04671594285809812
141,0.8983254563687284,true,77,0.0880752504254679,false,,0.9221184903529093,true,70,0.9217027911677125,true,71,-0.6064845972197584,false,,0.9031646502296308,true,72,0.03373502276507621,0.05051176265560815
142,0.9230470338479094,true,77,0.028153510270425557,false,,0.9346092751114756,true,70,0.933765331057873,true,71,-0.6236937406199756,false,,0.9258879673195589,true,77,0.0521511182972271,-0.008642478114076169
143,0.7788659690453252,true,194,-0.07400249650483916,false,,0.8879964907554388,true,115,0.8904512125440971,true,114,-0.6138597436602605,false,,0.8044570700755519,true,181,0.024659148110564414,-0.00004391444295256746
144,0.832845004265804,true,140,-0.05544851020908918,false,,0.8914753163486668,true,101,0.8921152418333987,true,98,-0.615732923629641,false,,0.8183622827111827,true,152,0.02169894259893711,-0.036526310269163004
145,0.9178478889387877,true,77,0.07060855188350618,false,,0.9313138892014221,true,70,0.9313557956104386,true,70,-0.6142701174962552,false,,0.918535870359371,true,80,0.02043175010072346,0.06344406747113689
146,0.9029834902755453,true,97,0.13060728909101824,false,,0.9227925186979608,true,83,0.9228735750238893,true,83,-0.5855913107646261,false,,0.9135233520069964,true,91,-0.022054185239563408,-0.042578459414460236
147,0.9206362402172588,true,92,0.07796319932887695,false,,0.9338509899696971,true,80,0.9327571944047927,true,80,-0.6132198515491682,false,,0.9251095693270254,true,91,0.012012630220657997,-0.027467101438232115
148,0.8713552762152375,true,105,-0.17653274223160323,false,,0.9058125313355595,true,88,0.9048872570048475,true,88,-0.6524173262636728,false,,0.8753132773460238,true,107,-0.01924395667293815,0.0457182210036892
149,0.8790476906714879,true,89,0.08558011490124434,false,,0.9112814979680134,true,78,0.9101532524753982,true,79,-0.598133779414951,false,,0.8833584900927017,true,87,0.05538729985977349,0.0021456735062980845
150,0.917209947164189,true,67,-0.06460057399333492,false,,0.9330562466432556,true,63,0.9332708526284675,true,64,-0.646941213176932,false,,0.9209518614596522,true,62,0.005693633789902611,0.01484990789453375
151,0.9239544056765369,true,67,-0.024721709460686477,false,,0.93679640178977,true,63,0.9370782813783554,true,63,-0.6468983011668236,false,,0.9261226613977144,true,65,-0.01614149133974349,0.016137443392335027
152,0.9081307215923996,true,92,0.023084661004070313,false,,0.9254658264312525,true,78,0.9244310599275727,true,79,-0.6162911909653769,false,,0.9106747361262562,true,91,0.006604696273346049,0.010512058325859134
153,0.891179987220216,true,85,-0.039524688179958106,false,,0.9170911031561434,true,74,0.9170723865253467,true,74,-0.6214002254493303,false,,0.8909919861163916,true,89,-0.00501991829119762,0.0005367261709914007
154,0.9395051701633083,true,71,0.2568260472897277,false,,0.945774620693979,true,67,0.9454743974428316,true,67,-0.5755974040513767,false,,0.9429157369360067,true,68,0.036707927429585924,0.0010517208392902785
155,0.8914820364111298,true,100,-0.030878524812690437,false,,0.9159107836727394,true,84,0.9154941190430237,true,84,-0.618708275013594,false,,0.8915280906042428,true,99,0.02342986085094601,-0.03241213598834877
156,0.886713703714378,true,104,0.022946570447825127,false,,0.9139819043853039,true,86,0.9142546346433544,true,87,-0.6021177324265986,false,,0.8899836758195843,true,101,-0.05769396700362136,-0.044539422283537695
157,0.8905988347783412,true,98,0.047104028875864595,false,,0.9157406297952932,true,82,0.9163474488413665,true,82,-0.5981901201568067,false,,0.8891637311453336,true,103,-0.05589236977543535,0.038172805946354436
158,0.8405363186902094,true,117,-0.24560230135388433,false,,0.8934158558352145,true,92,0.8940066853450371,true,92,-0.6631133662420703,false,,0.8493903174811988,true,109,-0.06932548888833429,-0.04640431050582615
159,0.8775481971673902,true,104,-0.09939334090541396,false,,0.9097186306915873,true,85,0.9072093425201426,true,87,-0.6384482967938084,false,,0.8778719929104156,true,105,-0.03840808311047732,-0.017098331402125695
160,0.8934333752089886,true,83,-0.02717511069615151,false,,0.9185695705705599,true,74,0.9192217340173603,true,73,-0.6311922045822688,false,,0.8970464208287009,true,82,0.01610501920218772,0.0034182962920328236
161,0.8450115850756719,true,133,-0.1048038540365328,false,,0.8965216565591095,true,97,0.8976898306483985,true,97,-0.632000830376329,false,,0.8354885941761205,true,144,0.027665718302464237,0.03942561101542692
162,0.8767418670421904,true,92,0.006588701365866938,false,,0.909939983756097,true,79,0.9092756596669356,true,79,-0.6092320323798837,false,,0.8761053831633754,true,93,-0.029345176631439547,0.01460097884742221
163,0.8683657491743374,true,92,-0.11348826709392262,false,,0.9064486263328926,true,81,0.9076571308117032,true,80,-0.6360296332940109,false,,0.8668074394805219,true,98,-0.037850934428207736,-0.022352107979823736
164,0.8609863937270241,true,97,-0.19451728932673745,false,,0.9034521249799672,true,84,0.9039243957685462,true,84,-0.6580921057223172,false,,0.873844386478759,true,84,-0.050363608380003436,0.03174179912783244
165,0.9121366051955189,true,96,-0.0041917552640953065,false,,0.9288211026706771,true,83,0.9288518761063075,true,82,-0.6305304654190258,false,,0.9178057941017556,true,94,-0.01244630852532727,0.017172079530512297
166,0.9123074248636972,true,86,0.128883845367308,false,,0.9280049744772276,true,74,0.9271920220892846,true,75,-0.5988028969429376,false,,0.915832276015315,true,82,0.03618747798295186,-0.022225869548468787
167,0.903799393219296,true,88,-0.029479275394739702,false,,0.9230438700898111,true,78,0.9232577501044329,true,78,-0.6257417576345149,false,,0.9058386248394609,true,84,-0.019286456037499226,0.009538742736496212
168,0.9084920080814254,true,101,0.09123636533733943,false,,0.927444898747508,true,81,0.9273557816796418,true,81,-0.5969176167954298,false,,0.9167183815412415,true,93,0.017636661063568204,-0.07055767914636565
169,0.8649794482797396,true,68,-0.15402989424627436,false,,0.9126787346743395,true,67,0.9141125262313279,true,67,-0.6536526738512621,false,,0.8631186938158575,true,67,0.009761994379234137,0.021854784919672143
170,0.8931792128548353,true,113,0.0685042661431544,false,,0.9195854134643537,true,89,0.9197372799999588,true,90,-0.6045170742745721,false,,0.9056669546366044,true,103,-0.005469450426667397,-0.04867936691208941
171,0.8664516372115085,true,96,-0.19577171705804922,false,,0.9044654608968429,true,83,0.9036608517589991,true,83,-0.6559778507948566,false,,0.870988261647437,true,96,-0.01614423706333348,0.028767487897946774
172,0.9379594534818391,true,68,0.13661197192655428,false,,0.9447961714598706,true,64,0.9446473922192242,true,64,-0.6085743782585097,false,,0.9424932067612554,true,66,0.046278259491228727,-0.022065486360198058
173,0.913030865860062,true,95,0.12774766833819218,false,,0.9291336267202217,true,78,0.9294954893688021,true,78,-0.5932285074353051,false,,0.915809843586947,true,95,0.056748952333570336,-0.007592338207827136
174,0.9199117998486986,true,87,0.02166759173317141,false,,0.9328570020560811,true,76,0.9329368291913303,true,76,-0.6238300575050373,false,,0.9229889588315296,true,87,-0.00970664539012586,0.004934581287430927
175,0.9152346859619972,true,86,0.06057792246597796,false,,0.9293501389102333,true,76,0.92989622882208,true,75,-0.6007990106951124,false,,0.9166487001005759,true,86,-0.021519606902756398,0.022028547339080547
176,0.8947803747528732,true,97,0.08436023917089552,false,,0.9177305211746182,true,85,0.9178197425335425,true,86,-0.591810579104129,false,,0.9022308000986985,true,90,-0.07249163031456884,-0.049234895768044434
177,0.8884842003465921,true,109,-0.053193540968929344,false,,0.9150734076752908,true,89,0.9157087534335434,true,88,-0.622551446926694,false,,0.8950361218517711,true,102,0.05304966752460858,0.007032072169418562
178,0.8936057800008854,true,59,-0.02064860388951154,false,,0.9252822851545369,true,57,0.9253143104494321,true,58,-0.6400197314503747,false,,0.8942144820354576,true,61,-0.01026951648384089,-0.00017249612877774371
179,0.9101628232986295,true,93,0.08526430765973853,false,,0.9263586754682986,true,81,0.9258891507755757,true,81,-0.5994585244480717,false,,0.9095312961012159,true,93,-0.020289383552213717,-0.019656073573505736
180,0.879951484817425,true,103,-0.14137944311157727,false,,0.9101851981245835,true,86,0.9089875184722741,true,86,-0.6509962860057044,false,,0.8880143975467859,true,97,-0.0017262314149142845,-0.013494385736249694
181,0.7388787902310178,true,224,-0.1517944500711207,false,,0.876736632374491,true,122,0.8747512529477457,true,123,-0.6359829422105578,false,,0.7056053209254268,true,246,0.0017744384835304521,0.03874866537939075
182,0.8616627997287174,true,95,-0.16687161402769288,false,,0.9035673592411045,true,83,0.9046043630254814,true,82,-0.650321088886622,false,,0.8627354068344142,true,97,-0.012453287458464841,-0.02716781971731144
183,0.8984035997275294,true,68,0.04682365879755735,false,,0.9244285000813182,true,66,0.9254040954976294,true,65,-0.623900937340356,false,,0.8987952424986847,true,68,0.025413788655966843,-0.020140021019736592
184,0.9447293486001771,true,56,0.3118770821471567,false,,0.950429549096374,true,53,0.9503165943591908,true,53,-0.5790318354427622,false,,0.9465307966668154,true,58,0.028167534403611385,0.019950080313265593
185,0.8263606272703028,true,122,-0.09257020710933145,false,,0.8872409841486868,true,97,0.8882076888160682,true,96,-0.636288379698736,false,,0.8247711592933452,true,125,0.014498678256183464,-0.020284741994679313
186,0.9156362203978368,true,73,-0.021188110125042424,false,,0.9310505254972113,true,67,0.9309638402874912,true,67,-0.6375557830345064,false,,0.9170031575116877,true,73,0.028946702040282123,-0.02490364136671775
187,0.8915800673538504,true,98,0.03201870787839575,false,,0.9163704972156964,true,82,0.9166323017550563,true,81,-0.6114858864404296,false,,0.8951687457577212,true,97,0.012086622487505506,0.002844564906303734
188,0.9391937145167726,true,70,0.17537921919004643,false,,0.9457571864476019,true,66,0.9456851821479624,true,66,-0.60584080609703,false,,0.9417902951246704,true,70,-0.0049232326560600895,-0.0006890392442964723
189,0.9342510230607975,true,85,0.17223950815531308,false,,0.9426871788617687,true,77,0.943001375828618,true,76,-0.5953265568765854,false,,0.9370797577552045,true,85,0.016200392454960064,0.008172579482638798
190,0.8856455227232412,true,115,-0.0070700910664428535,false,,0.9147669254636922,true,90,0.9152595569619474,true,89,-0.6088185244642993,false,,0.8951258810052447,true,109,0.050109545196998735,-0.008698440038232225
191,0.7612820658497026,true,188,-0.241041139875623,false,,0.86966508082067,true,115,0.8705853978269958,true,113,-0.6511486800072159,false,,0.7738628368684944,true,181,-0.05794904386684195,-0.003230286018563751
192,0.9193408822247655,true,81,0.005812933987108977,false,,0.9321726591960795,true,74,0.9315051636316508,true,75,-0.623826330090704,false,,0.9242481405969909,true,77,-0.06150536674407334,0.08001831606031128
193,0.8910740763816951,true,106,-0.09505877063889098,false,,0.916055509167624,true,87,0.9163396471129195,true,86,-0.6332461893752557,false,,0.891504209248379,true,105,-0.026902485741622573,0.017104883491075622
194,0.915417889561268,true,90,0.17560627273067206,false,,0.9306035472619381,true,76,0.9312701243619668,true,76,-0.5805828771232868,false,,0.9146258240000491,true,94,-0.06349383559333567,-0.04633051106993025
195,0.9089516291163136,true,62,-0.042144520285801325,false,,0.9301283549325007,true,60,0.9300689034035837,true,60,-0.6369660570775478,false,,0.913018432628431,true,61,0.03344231545919871,0.01705099514791667
196,0.8901370916772385,true,105,0.024041216131228133,false,,0.9163247912384566,true,85,0.91585048484727,true,86,-0.5994163210602566,false,,0.9002036974832532,true,99,-0.014578139731982647,-0.03109181937537614
197,0.889219121247711,true,108,-0.2036221021861639,false,,0.9154547424106847,true,90,0.9159022588288849,true,89,-0.6681809601159753,false,,0.9002067295215032,true,99,0.04141866569127734,0.014504545553558191
198,0.8934895592113206,true,86,-0.027059174646420128,false,,0.9179034711915295,true,77,0.9173961241833654,true,77,-0.6248404701630088,false,,0.897924183892067,true,84,-0.036051073561892584,0.06774825058485905
199,0.8542633359537891,true,130,-0.10297777685769575,false,,0.9002973503437447,true,96,0.8992229934534102,true,98,-0.6230623203150861,false,,0.856123111861874,true,129,0.01872608677481678,-0.002875277326809748
