symbol,family,variant,x,y,z,r,theta,phi,u,arc_s
0,numeric,B3_pi_arc_plus_mirror_edges_metadata,0.9969530694814434,0.03730335196076264,-0.06850574562779357,1.0,0.03739991254273563,1.6393557692359368,0.005952380952380952,0.03739991254273563
1,numeric,B3_pi_arc_plus_mirror_edges_metadata,0.9739856709352456,0.10974182896485625,-0.19826407588937525,1.0,0.1121997376282069,1.7703828467889733,0.017857142857142856,0.1121997376282069
2,numeric,B3_pi_arc_plus_mirror_edges_metadata,0.9348640688209475,0.17688582528308855,-0.30779957381624706,1.0,0.18699956271367815,1.8836757861695195,0.02976190476190476,0.18699956271367815
3,numeric,B3_pi_arc_plus_mirror_edges_metadata,0.8902879111383404,0.23855192682070941,-0.38791804996810525,1.0,0.2617993877991494,1.9691680125357383,0.041666666666666664,0.2617993877991494
4,numeric,B3_pi_arc_plus_mirror_edges_metadata,0.8505454598882827,0.29761872852479787,-0.43358449360500934,1.0,0.3365992128846207,2.0192631663985354,0.05357142857142857,0.3365992128846207
5,numeric,B3_pi_arc_plus_mirror_edges_metadata,0.8218106032616078,0.35855230088411166,-0.4427951895600287,1.0,0.411399037970092,2.0295100734982396,0.06547619047619048,0.411399037970092
6,numeric,B3_pi_arc_plus_mirror_edges_metadata,0.8042920141564477,0.42508074053107403,-0.415235740265356,1.0,0.48619886305556326,1.9989982511712305,0.07738095238095238,0.48619886305556326
7,numeric,B3_pi_arc_plus_mirror_edges_metadata,0.7925530781148357,0.49799410514352577,-0.35193961074735286,1.0,0.5609986881410345,1.9304388087301905,0.08928571428571429,0.5609986881410345
8,numeric,B3_pi_arc_plus_mirror_edges_metadata,0.7777354646772913,0.5739948948102912,-0.25623701472449395,1.0,0.6357985132265057,1.8299235535041627,0.10119047619047618,0.6357985132265057
9,numeric,B3_pi_arc_plus_mirror_edges_metadata,0.7510151379415477,0.6463007856357286,-0.13517232360686174,1.0,0.710598338311977,1.7063837070239127,0.1130952380952381,0.710598338311977
-1,numeric,B3_pi_arc_plus_mirror_edges_metadata,0.7071067811865476,0.7071067811865475,6.123233995736766e-17,1.0,0.7853981633974483,1.5707963267948966,0.125,0.7853981633974483
-2,numeric,B3_pi_arc_plus_mirror_edges_metadata,0.6463007856357286,0.7510151379415477,0.1351723236068614,1.0,0.8601979884829196,1.4352089465658808,0.13690476190476192,0.8601979884829196
-3,numeric,B3_pi_arc_plus_mirror_edges_metadata,0.5739948948102912,0.7777354646772913,0.25623701472449406,1.0,0.9349978135683908,1.3116691000856304,0.1488095238095238,0.9349978135683908
-4,numeric,B3_pi_arc_plus_mirror_edges_metadata,0.49799410514352577,0.7925530781148357,0.35193961074735275,1.0,1.009797638653862,1.2111538448596029,0.16071428571428573,1.009797638653862
-5,numeric,B3_pi_arc_plus_mirror_edges_metadata,0.42508074053107403,0.8042920141564477,0.4152357402653561,1.0,1.0845974637393334,1.1425944024185626,0.17261904761904764,1.0845974637393334
-6,numeric,B3_pi_arc_plus_mirror_edges_metadata,0.3585523008841116,0.8218106032616078,0.44279518956002867,1.0,1.1593972888248048,1.1120825800915537,0.18452380952380953,1.1593972888248048
-7,numeric,B3_pi_arc_plus_mirror_edges_metadata,0.2976187285247979,0.8505454598882827,0.43358449360500945,1.0,1.2341971139102759,1.1223294871912577,0.19642857142857142,1.2341971139102759
-8,numeric,B3_pi_arc_plus_mirror_edges_metadata,0.2385519268207094,0.8902879111383403,0.3879180499681055,1.0,1.3089969389957472,1.1724246410540546,0.20833333333333334,1.3089969389957472
-9,numeric,B3_pi_arc_plus_mirror_edges_metadata,0.1768858252830887,0.9348640688209475,0.3077995738162472,1.0,1.3837967640812183,1.2579168674202736,0.22023809523809523,1.3837967640812183
+∞,numeric,B3_pi_arc_plus_mirror_edges_metadata,0.10974182896485629,0.9739856709352455,0.19826407588937536,1.0,1.4585965891666897,1.3712098068008198,0.23214285714285715,1.4585965891666897
-∞,numeric,B3_pi_arc_plus_mirror_edges_metadata,0.03730335196076285,0.9969530694814432,0.06850574562779414,1.0,1.5333964142521608,1.5022368843538558,0.244047619047619,1.5333964142521608
a,variable,B3_pi_arc_plus_mirror_edges_metadata,-0.054100975345745345,0.9830583654182419,-0.1751266246116035,1.0,1.6257741982327178,1.7468307056828378,0.25875,1.6257741982327178
b,variable,B3_pi_arc_plus_mirror_edges_metadata,-0.1495816202103348,0.8986815301885432,-0.41230673799154627,1.0,1.7357299411083607,1.9957809117500884,0.27625,1.7357299411083607
c,variable,B3_pi_arc_plus_mirror_edges_metadata,-0.24729448874828444,0.8768401163504639,-0.41230673799154627,1.0,1.8456856839840035,1.9957809117500884,0.29375,1.8456856839840035
x,variable,B3_pi_arc_plus_mirror_edges_metadata,-0.3696138683372696,0.912532878139142,-0.1751266246116035,1.0,1.9556414268596463,1.7468307056828378,0.31125,1.9556414268596463
y,variable,B3_pi_arc_plus_mirror_edges_metadata,-0.4675179204525249,0.86646272822776,0.17512662461160364,1.0,2.065597169735289,1.3947619479069553,0.32875,2.065597169735289
r,variable,B3_pi_arc_plus_mirror_edges_metadata,-0.5179854817843019,0.7494626037818397,0.4123067379915464,1.0,2.1755529126109314,1.1458117418397047,0.34624999999999995,2.1755529126109314
E,variable,B3_pi_arc_plus_mirror_edges_metadata,-0.5970991069007378,0.6880957857341604,0.4123067379915464,1.0,2.2855086554865744,1.1458117418397047,0.36375,2.2855086554865744
m,variable,B3_pi_arc_plus_mirror_edges_metadata,-0.7229742294220954,0.6683105033917046,0.17512662461160386,1.0,2.395464398362217,1.394761947906955,0.38125,2.395464398362217
+,operator,B3_pi_arc_plus_mirror_edges_metadata,-0.7938279491787624,0.5942521592591955,-0.12923450900755565,1.0,2.498994156264608,1.7003933029419542,0.3977272727272727,2.498994156264608
-,operator,B3_pi_arc_plus_mirror_edges_metadata,-0.8037303783738532,0.4878028117676735,-0.34068445181806367,1.0,2.596097929193747,1.9184411309978553,0.41318181818181815,2.596097929193747
×,operator,B3_pi_arc_plus_mirror_edges_metadata,-0.8093382471889596,0.3893500483507642,-0.4397478157835011,1.0,2.6932017021228862,2.0261141900601256,0.42863636363636365,2.6932017021228862
÷,operator,B3_pi_arc_plus_mirror_edges_metadata,-0.8579268712913566,0.3144197925407141,-0.4063270573994281,1.0,2.7903054750520253,1.9892270446579752,0.4440909090909091,2.7903054750520253
^,operator,B3_pi_arc_plus_mirror_edges_metadata,-0.938091996305172,0.2437189966958798,-0.24613910115568954,1.0,2.8874092479811644,1.8194911028244716,0.45954545454545453,2.8874092479811644
√,operator,B3_pi_arc_plus_mirror_edges_metadata,-0.9876883405951377,0.15643446504023098,-1.6081226496766364e-16,1.0,2.9845130209103035,1.5707963267948968,0.475,2.9845130209103035
log,operator,B3_pi_arc_plus_mirror_edges_metadata,-0.9674918178014016,0.05809582919288491,0.24613910115568943,1.0,3.081616793839443,1.3221015507653218,0.49045454545454553,3.081616793839443
ln,operator,B3_pi_arc_plus_mirror_edges_metadata,-0.9130980007092845,-0.033917009388058875,0.4063270573994278,1.0,3.1787205667685816,1.1523656089318184,0.5059090909090909,3.1787205667685816
Σ,operator,B3_pi_arc_plus_mirror_edges_metadata,-0.8900421955770514,-0.12019462802480704,0.43974781578350114,1.0,3.275824339697721,1.1154784635296675,0.5213636363636365,3.275824339697721
∫,operator,B3_pi_arc_plus_mirror_edges_metadata,-0.915132372436917,-0.21556169698581687,0.340684451818064,1.0,3.37292811262686,1.2231515225919376,0.5368181818181819,3.37292811262686
d/dx,operator,B3_pi_arc_plus_mirror_edges_metadata,-0.938609260038779,-0.31986106147987375,0.1292345090075558,1.0,3.4700318855559993,1.4411993506478389,0.5522727272727274,3.4700318855559993
=,relation,B3_pi_arc_plus_mirror_edges_metadata,-0.8924830997949712,-0.4156977049882596,-0.1751266246116035,1.0,3.5774886342753773,1.7468307056828378,0.5693750000000001,3.5774886342753773
≈,relation,B3_pi_arc_plus_mirror_edges_metadata,-0.7749183242923092,-0.47906653450514564,-0.41230673799154627,1.0,3.6952983587849944,1.9957809117500884,0.588125,3.6952983587849944
<,relation,B3_pi_arc_plus_mirror_edges_metadata,-0.7132387108961803,-0.5668277472794758,-0.41230673799154627,1.0,3.813108083294612,1.9957809117500884,0.606875,3.813108083294612
>,relation,B3_pi_arc_plus_mirror_edges_metadata,-0.6934398454004795,-0.6989076091752797,-0.1751266246116035,1.0,3.930917807804229,1.7468307056828378,0.625625,3.930917807804229
≤,relation,B3_pi_arc_plus_mirror_edges_metadata,-0.6064854558169752,-0.7755682157196893,0.17512662461160364,1.0,4.048727532313846,1.3947619479069553,0.644375,4.048727532313846
≥,relation,B3_pi_arc_plus_mirror_edges_metadata,-0.4729656272490813,-0.7786569650671941,0.4123067379915464,1.0,4.166537256823463,1.1458117418397047,0.663125,4.166537256823463
→,relation,B3_pi_arc_plus_mirror_edges_metadata,-0.37816593245854785,-0.828850819710355,0.4123067379915464,1.0,4.28434698133308,1.1458117418397047,0.6818749999999999,4.28434698133308
⇒,relation,B3_pi_arc_plus_mirror_edges_metadata,-0.3005620116227434,-0.937546341532746,0.17512662461160386,1.0,4.402156705842698,1.394761947906955,0.700625,4.402156705842698
(,structure,B3_pi_arc_plus_mirror_edges_metadata,-0.2072191120613446,-0.9624920285117453,-0.1751266246116035,1.0,4.5003314762673785,1.7468307056828378,0.7162499999999999,4.5003314762673785
),structure,B3_pi_arc_plus_mirror_edges_metadata,-0.1212795416776497,-0.902936557337906,-0.41230673799154627,1.0,4.578871292607123,1.9957809117500884,0.7287499999999999,4.578871292607123
(),structure,B3_pi_arc_plus_mirror_edges_metadata,-0.050062091537312385,-0.9096685884417908,-0.41230673799154627,1.0,4.657411108946868,1.9957809117500884,0.74125,4.657411108946868
[],structure,B3_pi_arc_plus_mirror_edges_metadata,0.023195670304366447,-0.9842726381604223,-0.1751266246116035,1.0,4.735950925286613,1.7468307056828378,0.75375,4.735950925286613
{},structure,B3_pi_arc_plus_mirror_edges_metadata,0.10034930693370832,-0.9794185427844783,0.17512662461160364,1.0,4.814490741626358,1.3947619479069553,0.76625,4.814490741626358
vector,structure,B3_pi_arc_plus_mirror_edges_metadata,0.1636790426540045,-0.8962211361057264,0.4123067379915464,1.0,4.893030557966103,1.1458117418397047,0.77875,4.893030557966103
matrix,structure,B3_pi_arc_plus_mirror_edges_metadata,0.23349117470165856,-0.8806162757655629,0.4123067379915464,1.0,4.971570374305848,1.1458117418397047,0.7912500000000001,4.971570374305848
set,structure,B3_pi_arc_plus_mirror_edges_metadata,0.32621736568263554,-0.9289310500135238,0.17512662461160386,1.0,5.050110190645593,1.394761947906955,0.8037500000000001,5.050110190645593
π,constant,B3_pi_arc_plus_mirror_edges_metadata,0.4034534521939097,-0.8573822287457664,-0.31956380543446855,1.0,5.152211951887261,1.8960654461407085,0.8200000000000001,5.152211951887261
e,constant,B3_pi_arc_plus_mirror_edges_metadata,0.5077305883469327,-0.800055388028303,-0.31956380543446855,1.0,5.277875658030853,1.8960654461407085,0.8400000000000001,5.277875658030853
Φ,constant,B3_pi_arc_plus_mirror_edges_metadata,0.6040005098181728,-0.7301111959117107,0.31956380543446866,1.0,5.403539364174445,1.2455272074490846,0.8600000000000001,5.403539364174445
i,constant,B3_pi_arc_plus_mirror_edges_metadata,0.6907449824371649,-0.648652714088303,0.31956380543446866,1.0,5.529203070318037,1.2455272074490846,0.8800000000000001,5.529203070318037
X,uncertainty,B3_pi_arc_plus_mirror_edges_metadata,0.7795051649649749,-0.538749173594882,-0.31956380543446855,1.0,5.678428721363551,1.8960654461407085,0.90375,5.678428721363551
Y,uncertainty,B3_pi_arc_plus_mirror_edges_metadata,0.8605244684852558,-0.39670721369091466,-0.31956380543446855,1.0,5.85121631731099,1.8960654461407085,0.93125,5.85121631731099
Ω,uncertainty,B3_pi_arc_plus_mirror_edges_metadata,0.9159161936134357,-0.2428507783247078,0.31956380543446866,1.0,6.024003913258428,1.2455272074490846,0.95875,6.024003913258428
Ø,uncertainty,B3_pi_arc_plus_mirror_edges_metadata,0.9440307001242985,-0.0817619194923159,0.31956380543446866,1.0,6.196791509205867,1.2455272074490846,0.98625,6.196791509205867
