transformation,step_index,step_label,from_index,to_index,edge_type
T1_simple_solve,0,source,0,1,sequence
T1_simple_solve,0,source,1,2,sequence
T1_simple_solve,0,source,2,3,sequence
T1_simple_solve,0,source,3,4,sequence
T1_simple_solve,0,source,4,0,closure
T1_simple_solve,1,isolate_x,0,1,sequence
T1_simple_solve,1,isolate_x,1,2,sequence
T1_simple_solve,1,isolate_x,2,3,sequence
T1_simple_solve,1,isolate_x,3,4,sequence
T1_simple_solve,1,isolate_x,4,0,closure
T1_simple_solve,2,solved,0,1,sequence
T1_simple_solve,2,solved,1,2,sequence
T1_simple_solve,2,solved,2,0,closure
T2_symbolic_rearrange,0,source,0,1,sequence
T2_symbolic_rearrange,0,source,1,2,sequence
T2_symbolic_rearrange,0,source,2,3,sequence
T2_symbolic_rearrange,0,source,3,4,sequence
T2_symbolic_rearrange,0,source,4,0,closure
T2_symbolic_rearrange,1,isolate_a,0,1,sequence
T2_symbolic_rearrange,1,isolate_a,1,2,sequence
T2_symbolic_rearrange,1,isolate_a,2,3,sequence
T2_symbolic_rearrange,1,isolate_a,3,4,sequence
T2_symbolic_rearrange,1,isolate_a,4,0,closure
T3_energy_rearrange,0,source,0,1,sequence
T3_energy_rearrange,0,source,1,2,sequence
T3_energy_rearrange,0,source,2,3,sequence
T3_energy_rearrange,0,source,3,4,sequence
T3_energy_rearrange,0,source,4,5,sequence
T3_energy_rearrange,0,source,5,0,closure
T3_energy_rearrange,1,divide_by_m,0,1,sequence
T3_energy_rearrange,1,divide_by_m,1,2,sequence
T3_energy_rearrange,1,divide_by_m,2,3,sequence
T3_energy_rearrange,1,divide_by_m,3,4,sequence
T3_energy_rearrange,1,divide_by_m,4,5,sequence
T3_energy_rearrange,1,divide_by_m,5,6,sequence
T3_energy_rearrange,1,divide_by_m,6,0,closure
T3_energy_rearrange,2,solve_c,0,1,sequence
T3_energy_rearrange,2,solve_c,1,2,sequence
T3_energy_rearrange,2,solve_c,2,3,sequence
T3_energy_rearrange,2,solve_c,3,4,sequence
T3_energy_rearrange,2,solve_c,4,5,sequence
T3_energy_rearrange,2,solve_c,5,6,sequence
T3_energy_rearrange,2,solve_c,6,7,sequence
T3_energy_rearrange,2,solve_c,7,0,closure
T4_pythagorean_solve_r,0,source,0,1,sequence
T4_pythagorean_solve_r,0,source,1,2,sequence
T4_pythagorean_solve_r,0,source,2,3,sequence
T4_pythagorean_solve_r,0,source,3,4,sequence
T4_pythagorean_solve_r,0,source,4,5,sequence
T4_pythagorean_solve_r,0,source,5,6,sequence
T4_pythagorean_solve_r,0,source,6,7,sequence
T4_pythagorean_solve_r,0,source,7,8,sequence
T4_pythagorean_solve_r,0,source,8,9,sequence
T4_pythagorean_solve_r,0,source,9,10,sequence
T4_pythagorean_solve_r,0,source,10,0,closure
T4_pythagorean_solve_r,1,swap_sides,0,1,sequence
T4_pythagorean_solve_r,1,swap_sides,1,2,sequence
T4_pythagorean_solve_r,1,swap_sides,2,3,sequence
T4_pythagorean_solve_r,1,swap_sides,3,4,sequence
T4_pythagorean_solve_r,1,swap_sides,4,5,sequence
T4_pythagorean_solve_r,1,swap_sides,5,6,sequence
T4_pythagorean_solve_r,1,swap_sides,6,7,sequence
T4_pythagorean_solve_r,1,swap_sides,7,8,sequence
T4_pythagorean_solve_r,1,swap_sides,8,9,sequence
T4_pythagorean_solve_r,1,swap_sides,9,10,sequence
T4_pythagorean_solve_r,1,swap_sides,10,0,closure
T4_pythagorean_solve_r,2,solve_r,0,1,sequence
T4_pythagorean_solve_r,2,solve_r,1,2,sequence
T4_pythagorean_solve_r,2,solve_r,2,3,sequence
T4_pythagorean_solve_r,2,solve_r,3,4,sequence
T4_pythagorean_solve_r,2,solve_r,4,5,sequence
T4_pythagorean_solve_r,2,solve_r,5,6,sequence
T4_pythagorean_solve_r,2,solve_r,6,7,sequence
T4_pythagorean_solve_r,2,solve_r,7,8,sequence
T4_pythagorean_solve_r,2,solve_r,8,9,sequence
T4_pythagorean_solve_r,2,solve_r,9,10,sequence
T4_pythagorean_solve_r,2,solve_r,10,11,sequence
T4_pythagorean_solve_r,2,solve_r,11,0,closure
