transformation,step_index,step_label,token_index,token,family,x,y,z,canonical_x,canonical_y,canonical_z
T1_simple_solve,0,source,0,x,variable,-0.3356138683372696,0.912532878139142,-0.1751266246116035,-0.3696138683372696,0.912532878139142,-0.1751266246116035
T1_simple_solve,0,source,1,+,operator,-0.7833213713700142,0.6265880808132307,-0.12283940546261354,-0.7938279491787624,0.5942521592591955,-0.12923450900755565
T1_simple_solve,0,source,2,1,numeric,0.9464790931264974,0.12972652754280034,-0.20861157078666653,0.9739856709352456,0.10974182896485625,-0.19826407588937525
T1_simple_solve,0,source,3,=,relation,-0.9199896776037194,-0.4356824035662037,-0.16477912971431222,-0.8924830997949712,-0.4156977049882596,-0.1751266246116035
T1_simple_solve,0,source,4,3,numeric,0.9007944889470886,0.2062160052666742,-0.39431315351304735,0.8902879111383404,0.23855192682070941,-0.38791804996810525
T1_simple_solve,1,isolate_x,0,x,variable,-0.3356138683372696,0.912532878139142,-0.1751266246116035,-0.3696138683372696,0.912532878139142,-0.1751266246116035
T1_simple_solve,1,isolate_x,1,=,relation,-0.881976521986223,-0.38336178343422433,-0.1687315210666614,-0.8924830997949712,-0.4156977049882596,-0.1751266246116035
T1_simple_solve,1,isolate_x,2,3,numeric,0.8627813333295922,0.2585366253986535,-0.3982655448653965,0.8902879111383404,0.23855192682070941,-0.38791804996810525
T1_simple_solve,1,isolate_x,3,-,operator,-0.8312369561826014,0.4678181131897294,-0.3303369569207724,-0.8037303783738532,0.4878028117676735,-0.34068445181806367
T1_simple_solve,1,isolate_x,4,1,numeric,0.9844922487439938,0.07740590741082103,-0.20465917943431736,0.9739856709352456,0.10974182896485625,-0.19826407588937525
T1_simple_solve,2,solved,0,x,variable,-0.3356138683372696,0.912532878139142,-0.1751266246116035,-0.3696138683372696,0.912532878139142,-0.1751266246116035
T1_simple_solve,2,solved,1,=,relation,-0.9094830997949712,-0.3862528412595887,-0.18454898100477818,-0.8924830997949712,-0.4156977049882596,-0.1751266246116035
T1_simple_solve,2,solved,2,2,numeric,0.9178640688209475,0.14744096155441763,-0.2983772174230724,0.9348640688209475,0.17688582528308855,-0.30779957381624706
T2_symbolic_rearrange,0,source,0,a,variable,-0.020100975345745342,0.9830583654182419,-0.1751266246116035,-0.054100975345745345,0.9830583654182419,-0.1751266246116035
T2_symbolic_rearrange,0,source,1,+,operator,-0.7833213713700142,0.6265880808132307,-0.12283940546261354,-0.7938279491787624,0.5942521592591955,-0.12923450900755565
T2_symbolic_rearrange,0,source,2,b,variable,-0.17708819801908302,0.9186662287664873,-0.4226542328888375,-0.1495816202103348,0.8986815301885432,-0.41230673799154627
T2_symbolic_rearrange,0,source,3,=,relation,-0.9199896776037194,-0.4356824035662037,-0.16477912971431222,-0.8924830997949712,-0.4156977049882596,-0.1751266246116035
T2_symbolic_rearrange,0,source,4,c,variable,-0.23678791093953624,0.8445041947964287,-0.4187018415364884,-0.24729448874828444,0.8768401163504639,-0.41230673799154627
T2_symbolic_rearrange,1,isolate_a,0,a,variable,-0.020100975345745342,0.9830583654182419,-0.1751266246116035,-0.054100975345745345,0.9830583654182419,-0.1751266246116035
T2_symbolic_rearrange,1,isolate_a,1,=,relation,-0.881976521986223,-0.38336178343422433,-0.1687315210666614,-0.8924830997949712,-0.4156977049882596,-0.1751266246116035
T2_symbolic_rearrange,1,isolate_a,2,c,variable,-0.2748010665570326,0.8968248149284079,-0.4226542328888375,-0.24729448874828444,0.8768401163504639,-0.41230673799154627
T2_symbolic_rearrange,1,isolate_a,3,-,operator,-0.8312369561826014,0.4678181131897294,-0.3303369569207724,-0.8037303783738532,0.4878028117676735,-0.34068445181806367
T2_symbolic_rearrange,1,isolate_a,4,b,variable,-0.1390750424015866,0.866345608634508,-0.4187018415364884,-0.1495816202103348,0.8986815301885432,-0.41230673799154627
T3_energy_rearrange,0,source,0,E,variable,-0.5630991069007377,0.6880957857341604,0.4123067379915464,-0.5970991069007378,0.6880957857341604,0.4123067379915464
T3_energy_rearrange,0,source,1,=,relation,-0.8754830997949712,-0.3862528412595887,-0.16570426821842882,-0.8924830997949712,-0.4156977049882596,-0.1751266246116035
T3_energy_rearrange,0,source,2,m,variable,-0.7399742294220955,0.6977553671203756,0.16570426821842918,-0.7229742294220954,0.6683105033917046,0.17512662461160386
T3_energy_rearrange,0,source,3,c,variable,-0.28129448874828444,0.8768401163504639,-0.41230673799154627,-0.24729448874828444,0.8768401163504639,-0.41230673799154627
T3_energy_rearrange,0,source,4,^,operator,-0.955091996305172,0.21427413296720887,-0.23671674476251484,-0.938091996305172,0.2437189966958798,-0.24613910115568954
T3_energy_rearrange,0,source,5,2,numeric,0.9518640688209475,0.14744096155441763,-0.31722193020942174,0.9348640688209475,0.17688582528308855,-0.30779957381624706
T3_energy_rearrange,1,divide_by_m,0,c,variable,-0.21329448874828444,0.8768401163504639,-0.41230673799154627,-0.24729448874828444,0.8768401163504639,-0.41230673799154627
T3_energy_rearrange,1,divide_by_m,1,^,operator,-0.9168933430419751,0.2703012670997928,-0.2355318854711513,-0.938091996305172,0.2437189966958798,-0.24613910115568954
T3_energy_rearrange,1,divide_by_m,2,2,numeric,0.9272983570664328,0.21003337429727056,-0.3125202288978461,0.9348640688209475,0.17688582528308855,-0.30779957381624706
T3_energy_rearrange,1,divide_by_m,3,=,relation,-0.9231160413036534,-0.4009456578582626,-0.18363295114085568,-0.8924830997949712,-0.4156977049882596,-0.1751266246116035
T3_energy_rearrange,1,divide_by_m,4,E,variable,-0.62773204840942,0.6733437386041634,0.42081306452079853,-0.5970991069007378,0.6880957857341604,0.4123067379915464
T3_energy_rearrange,1,divide_by_m,5,÷,operator,-0.8654925830458713,0.28127224352653213,-0.40160640231782907,-0.8579268712913566,0.3144197925407141,-0.4063270573994281
T3_energy_rearrange,1,divide_by_m,6,m,variable,-0.7017755761588985,0.6417282329877916,0.16451940892706562,-0.7229742294220954,0.6683105033917046,0.17512662461160386
T3_energy_rearrange,2,solve_c,0,c,variable,-0.21329448874828444,0.8768401163504639,-0.41230673799154627,-0.24729448874828444,0.8768401163504639,-0.41230673799154627
T3_energy_rearrange,2,solve_c,1,=,relation,-0.8684414692346286,-0.39165607442791694,-0.1642466246116035,-0.8924830997949712,-0.4156977049882596,-0.1751266246116035
T3_energy_rearrange,2,solve_c,2,√,operator,-0.9876883405951377,0.19043446504023098,-1.5947984925019132e-16,-0.9876883405951377,0.15643446504023098,-1.6081226496766364e-16
T3_energy_rearrange,2,solve_c,3,(,structure,-0.23126074262168722,-0.9384503979514027,-0.1860066246116035,-0.2072191120613446,-0.9624920285117453,-0.1751266246116035
T3_energy_rearrange,2,solve_c,4,E,variable,-0.6310991069007378,0.6880957857341604,0.4123067379915464,-0.5970991069007378,0.6880957857341604,0.4123067379915464
T3_energy_rearrange,2,solve_c,5,÷,operator,-0.8819685018516992,0.2903781619803715,-0.3954470573994281,-0.8579268712913566,0.3144197925407141,-0.4063270573994281
T3_energy_rearrange,2,solve_c,6,m,variable,-0.7229742294220954,0.6343105033917046,0.17512662461160386,-0.7229742294220954,0.6683105033917046,0.17512662461160386
T3_energy_rearrange,2,solve_c,7,),structure,-0.09723791111730709,-0.9269781878982486,-0.42318673799154627,-0.1212795416776497,-0.902936557337906,-0.41230673799154627
T4_pythagorean_solve_r,0,source,0,x,variable,-0.3356138683372696,0.912532878139142,-0.1751266246116035,-0.3696138683372696,0.912532878139142,-0.1751266246116035
T4_pythagorean_solve_r,0,source,1,^,operator,-0.9094893761889119,0.26210078448937013,-0.2362423050462324,-0.938091996305172,0.2437189966958798,-0.24613910115568954
T4_pythagorean_solve_r,0,source,2,2,numeric,0.9489881792630117,0.20781331312514217,-0.29957701844727275,0.9348640688209475,0.17688582528308855,-0.30779957381624706
T4_pythagorean_solve_r,0,source,3,+,operator,-0.7986666536800541,0.6279060882831472,-0.1322997592259904,-0.7938279491787624,0.5942521592591955,-0.12923450900755565
T4_pythagorean_solve_r,0,source,4,y,variable,-0.48978318540666455,0.8921582137558048,0.1643573673239391,-0.4675179204525249,0.86646272822776,0.17512662461160364
T4_pythagorean_solve_r,0,source,5,^,operator,-0.9707147574080649,0.2532979036284884,-0.25202127324960644,-0.938091996305172,0.2437189966958798,-0.24613910115568954
T4_pythagorean_solve_r,0,source,6,2,numeric,0.9022413077180547,0.16730691835047995,-0.30191740172233017,0.9348640688209475,0.17688582528308855,-0.30779957381624706
T4_pythagorean_solve_r,0,source,7,=,relation,-0.9147483647491109,-0.4413931905163044,-0.16435736732393896,-0.8924830997949712,-0.4156977049882596,-0.1751266246116035
T4_pythagorean_solve_r,0,source,8,r,variable,-0.5228241862855936,0.715808674757888,0.4153719882099811,-0.5179854817843019,0.7494626037818397,0.4123067379915464
T4_pythagorean_solve_r,0,source,9,^,operator,-0.923967885863108,0.21279150885382617,-0.25436165652466386,-0.938091996305172,0.2437189966958798,-0.24613910115568954
T4_pythagorean_solve_r,0,source,10,2,numeric,0.9634666889372077,0.15850403748959824,-0.3176963699257042,0.9348640688209475,0.17688582528308855,-0.30779957381624706
T4_pythagorean_solve_r,1,swap_sides,0,r,variable,-0.4839854817843019,0.7494626037818397,0.4123067379915464,-0.5179854817843019,0.7494626037818397,0.4123067379915464
T4_pythagorean_solve_r,1,swap_sides,1,^,operator,-0.9094893761889119,0.26210078448937013,-0.2362423050462324,-0.938091996305172,0.2437189966958798,-0.24613910115568954
T4_pythagorean_solve_r,1,swap_sides,2,2,numeric,0.9489881792630117,0.20781331312514217,-0.29957701844727275,0.9348640688209475,0.17688582528308855,-0.30779957381624706
T4_pythagorean_solve_r,1,swap_sides,3,=,relation,-0.8973218042962628,-0.3820437759643079,-0.17819187483003826,-0.8924830997949712,-0.4156977049882596,-0.1751266246116035
T4_pythagorean_solve_r,1,swap_sides,4,x,variable,-0.39187913329140933,0.9382283636671868,-0.18589588189926803,-0.3696138683372696,0.912532878139142,-0.1751266246116035
T4_pythagorean_solve_r,1,swap_sides,5,^,operator,-0.9707147574080649,0.2532979036284884,-0.25202127324960644,-0.938091996305172,0.2437189966958798,-0.24613910115568954
T4_pythagorean_solve_r,1,swap_sides,6,2,numeric,0.9022413077180547,0.16730691835047995,-0.30191740172233017,0.9348640688209475,0.17688582528308855,-0.30779957381624706
T4_pythagorean_solve_r,1,swap_sides,7,+,operator,-0.8160932141329021,0.5685566737311507,-0.1184652517198911,-0.7938279491787624,0.5942521592591955,-0.12923450900755565
T4_pythagorean_solve_r,1,swap_sides,8,y,variable,-0.4723566249538166,0.8328087992038083,0.1781918748300384,-0.4675179204525249,0.86646272822776,0.17512662461160364
T4_pythagorean_solve_r,1,swap_sides,9,^,operator,-0.923967885863108,0.21279150885382617,-0.25436165652466386,-0.938091996305172,0.2437189966958798,-0.24613910115568954
T4_pythagorean_solve_r,1,swap_sides,10,2,numeric,0.9634666889372077,0.15850403748959824,-0.3176963699257042,0.9348640688209475,0.17688582528308855,-0.30779957381624706
T4_pythagorean_solve_r,2,solve_r,0,r,variable,-0.4839854817843019,0.7494626037818397,0.4123067379915464,-0.5179854817843019,0.7494626037818397,0.4123067379915464
T4_pythagorean_solve_r,2,solve_r,1,=,relation,-0.8630382360663003,-0.39869770498825957,-0.16570426821842882,-0.8924830997949712,-0.4156977049882596,-0.1751266246116035
T4_pythagorean_solve_r,2,solve_r,2,√,operator,-0.9706883405951376,0.1858793287689019,0.009422356393174533,-0.9876883405951377,0.15643446504023098,-1.6081226496766364e-16
T4_pythagorean_solve_r,2,solve_r,3,(,structure,-0.2072191120613446,-0.9284920285117453,-0.1751266246116035,-0.2072191120613446,-0.9624920285117453,-0.1751266246116035
T4_pythagorean_solve_r,2,solve_r,4,x,variable,-0.38661386833726963,0.9419777418678129,-0.18454898100477818,-0.3696138683372696,0.912532878139142,-0.1751266246116035
T4_pythagorean_solve_r,2,solve_r,5,^,operator,-0.967536860033843,0.2607189966958798,-0.2555614575488642,-0.938091996305172,0.2437189966958798,-0.24613910115568954
T4_pythagorean_solve_r,2,solve_r,6,2,numeric,0.9008640688209475,0.17688582528308855,-0.30779957381624706,0.9348640688209475,0.17688582528308855,-0.30779957381624706
T4_pythagorean_solve_r,2,solve_r,7,+,operator,-0.8232728129074334,0.5772521592591955,-0.11981215261438095,-0.7938279491787624,0.5942521592591955,-0.12923450900755565
T4_pythagorean_solve_r,2,solve_r,8,y,variable,-0.4845179204525249,0.8370178644990891,0.18454898100477835,-0.4675179204525249,0.86646272822776,0.17512662461160364
T4_pythagorean_solve_r,2,solve_r,9,^,operator,-0.938091996305172,0.2097189966958798,-0.24613910115568954,-0.938091996305172,0.2437189966958798,-0.24613910115568954
T4_pythagorean_solve_r,2,solve_r,10,2,numeric,0.9518640688209475,0.14744096155441763,-0.31722193020942174,0.9348640688209475,0.17688582528308855,-0.30779957381624706
T4_pythagorean_solve_r,2,solve_r,11,),structure,-0.0918346779489788,-0.919936557337906,-0.42172909438472095,-0.1212795416776497,-0.902936557337906,-0.41230673799154627
