transformation,title,step_index,step_label,tokens,n_tokens,decoded,exact_decode,decode_accuracy_noise,loop_closure_score,family_path_coherence,operator_relation_connectivity,ghost_core_alignment,pi_checksum_error,uncertainty_state,uncertainty_score,loop_length,compute_load_est,runtime_ms,identity_preservation_from_source,coherence_score
T1_simple_solve,x + 1 = 3 → x = 2,0,source,x + 1 = 3,5,x + 1 = 3,True,0.9952,1.0,1.0,1.0,0.919047619047619,1.457754229004112e-17,Y,0.6,7.671227933764619,6.0,0.37185300016062683,1.0,0.986417142857143
T1_simple_solve,x + 1 = 3 → x = 2,1,isolate_x,x = 3 - 1,5,x = 3 - 1,True,0.9944,1.0,1.0,1.0,0.919047619047619,1.457754229004112e-17,Y_reduced,0.35,8.41167208511359,6.9,0.2760160000434553,1.0,0.986177142857143
T1_simple_solve,x + 1 = 3 → x = 2,2,solved,x = 2,3,x = 2,True,0.9973333333333333,1.0,1.0,0.5,0.919047619047619,2.3559664307137162e-17,SOLVED,0.05,4.800728454199682,5.1499999999999995,0.19971500023530098,0.8,0.8870571428571429
T2_symbolic_rearrange,a + b = c → a = c - b,0,source,a + b = c,5,a + b = c,True,0.9984,1.0,1.0,1.0,1.0,1.4135798584282297e-17,Y,0.6,4.97413919603079,6.0,0.21225099999355734,1.0,0.99952
T2_symbolic_rearrange,a + b = c → a = c - b,1,isolate_a,a = c - b,5,a = c - b,True,0.996,1.0,1.0,1.0,1.0,1.4135798584282297e-17,Y_reduced,0.35,4.86234931638957,6.9,0.17172099978779443,1.0,0.9988000000000001
T3_energy_rearrange,E = m c ^ 2 → c = √(E ÷ m),0,source,E = m c ^ 2,6,E = m c ^ 2,True,0.9966666666666667,0.6829426751033234,1.0,1.0,0.919047619047619,1.1779832153568581e-17,Y,0.6,7.797480098441809,6.949999999999999,0.18931099975816323,1.0,0.9392985441226415
T3_energy_rearrange,E = m c ^ 2 → c = √(E ÷ m),1,divide_by_m,c ^ 2 = E ÷ m,7,c ^ 2 = E ÷ m,True,0.9982857142857143,1.0,1.0,1.0,0.919047619047619,1.0096998988773069e-17,Y_reduced,0.35,8.436906433242212,9.55,0.204810000013822,1.0,0.9873428571428572
T3_energy_rearrange,E = m c ^ 2 → c = √(E ÷ m),2,solve_c,c = √ ( E ÷ m ),8,c = √ ( E ÷ m ),True,0.9935,0.6813021786896201,1.0,1.0,1.0,8.834874115176436e-18,Y_reduced,0.35,10.428141369654028,11.4,0.2760140000646061,0.8,0.9502453268034431
T4_pythagorean_solve_r,x ^ 2 + y ^ 2 = r ^ 2 → r = √(x ^ 2 + y ^ 2),0,source,x ^ 2 + y ^ 2 = r ^ 2,11,x ^ 2 + y ^ 2 = r ^ 2,True,0.9996363636363637,0.921720471338881,1.0,1.0,0.919047619047619,6.4253629928555896e-18,Y,0.6,15.415781039281113,14.75,0.3159350003443251,1.0,0.9760061226488842
T4_pythagorean_solve_r,x ^ 2 + y ^ 2 = r ^ 2 → r = √(x ^ 2 + y ^ 2),1,swap_sides,r ^ 2 = x ^ 2 + y ^ 2,11,r ^ 2 = x ^ 2 + y ^ 2,True,0.9992727272727273,0.8099983268612584,1.0,1.0,0.919047619047619,6.4253629928555896e-18,Y_reduced,0.35,15.701768251178832,15.65,0.2830790003827133,1.0,0.9591387100681499
T4_pythagorean_solve_r,x ^ 2 + y ^ 2 = r ^ 2 → r = √(x ^ 2 + y ^ 2),2,solve_r,r = √ ( x ^ 2 + y ^ 2 ),12,r = √ ( x ^ 2 + y ^ 2 ),True,0.9943333333333333,0.6936665056883065,1.0,1.0,0.919047619047619,5.8899160767842905e-18,Y_reduced,0.35,16.4572335028521,17.099999999999998,0.28890400017189677,1.0,0.9402071187103888
