transformation_id,transformation,representation,transform_clarity,source_compute_cost,target_compute_cost,compute_cost_delta,identity_preservation,uncertainty_reduction,cost_efficiency,transformation_score
T1,x + 1 = 3 → x = 2,A_conventional_string,0.26,11.399999999999999,6.3,-5.099999999999999,0.8,0,1.0,0.528
T1,x + 1 = 3 → x = 2,B_base10_ghost_core,0.2016666666666667,12.1,7.65,-4.449999999999999,0.2933333333333334,0,0.9521276595744681,0.37665248226950354
T1,x + 1 = 3 → x = 2,C_ICS_B3_loop,0.6799999999999999,10.5,6.3,-4.2,0.8,0,1.0,0.654
T2,a + b = c → a = c - b,A_conventional_string,0.39,11.399999999999999,11.399999999999999,0.0,1.0,0,0.8191489361702128,0.5898723404255319
T2,a + b = c → a = c - b,B_base10_ghost_core,0.0,16.0,16.0,0.0,0.0,0,0.6560283687943262,0.19840425531914896
T2,a + b = c → a = c - b,C_ICS_B3_loop,0.75,10.5,10.5,0.0,1.0,0,0.851063829787234,0.702659574468085
T3,E = m c ^ 2 → c = √(E ÷ m),A_conventional_string,0.1625,13.35,18.45,5.1,0.8,0,0.5691489361702128,0.33412234042553196
T3,E = m c ^ 2 → c = √(E ÷ m),B_base10_ghost_core,0.04583333333333334,17.25,25.6,8.350000000000001,0.06666666666666667,0,0.3156028368794326,0.07775709219858155
T3,E = m c ^ 2 → c = √(E ÷ m),C_ICS_B3_loop,0.5699013352640017,12.200000000000001,16.400000000000002,4.200000000000001,0.8,0,0.6418439716312057,0.46724699632388134
T4,x ^ 2 + y ^ 2 = r ^ 2 → r = √(x ^ 2 + y ^ 2),A_conventional_string,0.3791666666666667,26.7,28.650000000000002,1.9500000000000028,1.0,0,0.20744680851063824,0.39486702127659573
T4,x ^ 2 + y ^ 2 = r ^ 2 → r = √(x ^ 2 + y ^ 2),B_base10_ghost_core,0.12083333333333333,29.35,34.5,5.149999999999999,0.21969696969696967,0,0.0,0.09117424242424241
T4,x ^ 2 + y ^ 2 = r ^ 2 → r = √(x ^ 2 + y ^ 2),C_ICS_B3_loop,0.6790808409211249,23.100000000000005,24.800000000000004,1.6999999999999993,1.0,0,0.34397163120567364,0.5053199969571885
