expression_id,expression,representation,coverage,retrieval_stability,ambiguity_detection,predicted_state,expected_state,symbol_conflict_rate,transform_clarity_proxy,compute_cost,family_structure_score,loop_or_topology_score,cost_efficiency,expression_score
B1,x + 1 = 3,A_conventional_string,1.0,0.9872,1.0,Y,Y,0.0,,11.399999999999999,0.5,0.0,0.6422182468694098,0.8295509123434706
B1,x + 1 = 3,B_base10_ghost_core,0.4,0.398,1.0,Y,Y,0.6,,12.1,0.29,0.1,0.6171735241502684,0.48945867620751343
B1,x + 1 = 3,C_ICS_B3_loop,1.0,0.9976,1.0,Y,Y,0.0,,10.5,1.0,1.0,0.6744186046511629,0.9832409302325582
B2,x + ? = 5,A_conventional_string,1.0,0.9872,1.0,X,X,0.0,,12.899999999999999,0.5,0.0,0.5885509838998212,0.8268675491949911
B2,x + ? = 5,B_base10_ghost_core,0.2,0.199,0.0,Y,X,0.8,,14.049999999999999,0.21999999999999997,0.1,0.5474060822898033,0.1691703041144902
B2,x + ? = 5,C_ICS_B3_loop,1.0,0.9864,1.0,X,X,0.0,,10.9,1.0,0.783448676610422,0.6601073345259392,0.9586302343873392
B3,0 ÷ 0,A_conventional_string,1.0,0.988,1.0,Ω,Ω,0.0,,8.0,0.5,0.0,0.7638640429338104,0.8357932021466906
B3,0 ÷ 0,B_base10_ghost_core,0.6666666666666666,0.6633333333333333,0.0,Y,Ω,0.33333333333333337,,5.7,0.3833333333333333,0.1,0.8461538461538461,0.45664102564102566
B3,0 ÷ 0,C_ICS_B3_loop,1.0,0.9973333333333333,1.0,Ω,Ω,0.3333333333333333,,6.9,1.0,1.0,0.8032200357781754,0.9396276684555754
B4,+∞ - +∞,A_conventional_string,1.0,0.9906666666666667,1.0,Ω,Ω,0.0,,9.100000000000001,0.5,0.0,0.7245080500894454,0.8343587358378057
B4,+∞ - +∞,B_base10_ghost_core,0.6666666666666666,0.6633333333333333,1.0,Ω,Ω,0.33333333333333337,,5.7,0.3833333333333333,0.1,0.8461538461538461,0.6566410256410257
B4,+∞ - +∞,C_ICS_B3_loop,1.0,1.0,1.0,Ω,Ω,0.3333333333333333,,6.9,1.0,1.0,0.8032200357781754,0.9401610017889088
B5,√ -1,A_conventional_string,1.0,0.994,1.0,Y_DOMAIN_EXTENSION,Y_DOMAIN_EXTENSION,0.0,,6.6000000000000005,0.5,0.0,0.813953488372093,0.8394976744186047
B5,√ -1,B_base10_ghost_core,0.5,0.4975,0.0,Y,Y_DOMAIN_EXTENSION,0.5,,4.45,0.32499999999999996,0.1,0.89087656529517,0.3615438282647585
B5,√ -1,C_ICS_B3_loop,1.0,1.0,1.0,Y_DOMAIN_EXTENSION,Y_DOMAIN_EXTENSION,0.0,,4.65,1.0,1.0,0.8837209302325582,0.994186046511628
B6,Ø,A_conventional_string,1.0,0.988,1.0,Ø,Ø,0.0,,1.4,0.5,0.0,1.0,0.8476000000000001
B6,Ø,B_base10_ghost_core,0.0,0.0,1.0,Ø,Ø,1.0,,3.2,0.15,0.1,0.9355992844364938,0.2717799642218247
B6,Ø,C_ICS_B3_loop,1.0,1.0,1.0,Ø,Ø,0.0,,1.7000000000000002,1.0,1.0,0.9892665474060823,0.9994633273703042
B7,2 + 3 = 5,A_conventional_string,1.0,0.9856,1.0,SOLVED,SOLVED,0.0,,11.399999999999999,0.5,0.0,0.6422182468694098,0.8292309123434707
B7,2 + 3 = 5,B_base10_ghost_core,0.6,0.597,1.0,SOLVED,SOLVED,0.4,,10.15,0.36,0.1,0.6869409660107335,0.6097470483005367
B7,2 + 3 = 5,C_ICS_B3_loop,1.0,0.9792,1.0,SOLVED,SOLVED,0.2,,9.950000000000001,1.0,1.0,0.6940966010733453,0.9505448300536673
B8,x ^ 2 + y ^ 2 = r ^ 2,A_conventional_string,1.0,0.9883636363636363,1.0,Y,Y,0.0,,26.7,0.5,0.0,0.0948121645796065,0.8024133355017078
B8,x ^ 2 + y ^ 2 = r ^ 2,B_base10_ghost_core,0.2727272727272727,0.27136363636363636,1.0,Y,Y,0.7272727272727273,,29.35,0.24545454545454543,0.1,0.0,0.38427272727272727
B8,x ^ 2 + y ^ 2 = r ^ 2,C_ICS_B3_loop,1.0,0.9989090909090909,1.0,Y,Y,0.10909090909090909,,23.100000000000005,1.0,0.9553699972625457,0.22361359570661876,0.9401358613297672
B9,E = m c ^ 2,A_conventional_string,1.0,0.9893333333333333,1.0,Y,Y,0.0,,13.35,0.5,0.0,0.5724508050089446,0.826489206917114
B9,E = m c ^ 2,B_base10_ghost_core,0.16666666666666666,0.16583333333333333,1.0,Y,Y,0.8333333333333334,,17.25,0.20833333333333331,0.1,0.43291592128801437,0.343979129397734
B9,E = m c ^ 2,C_ICS_B3_loop,1.0,0.9986666666666667,1.0,Y,Y,0.06666666666666667,,12.200000000000001,1.0,0.7355185144790308,0.6135957066189625,0.9439649701121847
