symbol,family,x,y,z,r,theta,phi,u,arc_s
0,numeric,0.9969530694814434,0.03730335196076264,-0.06850574562779357,1.0,0.03739991254273563,1.6393557692359368,0.005952380952380952,0.03739991254273563
1,numeric,0.9739856709352456,0.10974182896485625,-0.19826407588937525,1.0,0.1121997376282069,1.7703828467889733,0.017857142857142856,0.1121997376282069
2,numeric,0.9348640688209475,0.17688582528308855,-0.30779957381624706,1.0,0.18699956271367815,1.8836757861695195,0.02976190476190476,0.18699956271367815
3,numeric,0.8902879111383404,0.23855192682070941,-0.38791804996810525,1.0,0.2617993877991494,1.9691680125357383,0.041666666666666664,0.2617993877991494
4,numeric,0.8505454598882827,0.29761872852479787,-0.43358449360500934,1.0,0.3365992128846207,2.0192631663985354,0.05357142857142857,0.3365992128846207
5,numeric,0.8218106032616078,0.35855230088411166,-0.4427951895600287,1.0,0.411399037970092,2.0295100734982396,0.06547619047619048,0.411399037970092
6,numeric,0.8042920141564477,0.42508074053107403,-0.415235740265356,1.0,0.48619886305556326,1.9989982511712305,0.07738095238095238,0.48619886305556326
7,numeric,0.7925530781148357,0.49799410514352577,-0.35193961074735286,1.0,0.5609986881410345,1.9304388087301905,0.08928571428571429,0.5609986881410345
8,numeric,0.7777354646772913,0.5739948948102912,-0.25623701472449395,1.0,0.6357985132265057,1.8299235535041627,0.10119047619047618,0.6357985132265057
9,numeric,0.7510151379415477,0.6463007856357286,-0.13517232360686174,1.0,0.710598338311977,1.7063837070239127,0.1130952380952381,0.710598338311977
-1,numeric,0.7071067811865476,0.7071067811865475,6.123233995736766e-17,1.0,0.7853981633974483,1.5707963267948966,0.125,0.7853981633974483
-2,numeric,0.6463007856357286,0.7510151379415477,0.1351723236068614,1.0,0.8601979884829196,1.4352089465658808,0.13690476190476192,0.8601979884829196
-3,numeric,0.5739948948102912,0.7777354646772913,0.25623701472449406,1.0,0.9349978135683908,1.3116691000856304,0.1488095238095238,0.9349978135683908
-4,numeric,0.49799410514352577,0.7925530781148357,0.35193961074735275,1.0,1.009797638653862,1.2111538448596029,0.16071428571428573,1.009797638653862
-5,numeric,0.42508074053107403,0.8042920141564477,0.4152357402653561,1.0,1.0845974637393334,1.1425944024185626,0.17261904761904764,1.0845974637393334
-6,numeric,0.3585523008841116,0.8218106032616078,0.44279518956002867,1.0,1.1593972888248048,1.1120825800915537,0.18452380952380953,1.1593972888248048
-7,numeric,0.2976187285247979,0.8505454598882827,0.43358449360500945,1.0,1.2341971139102759,1.1223294871912577,0.19642857142857142,1.2341971139102759
-8,numeric,0.2385519268207094,0.8902879111383403,0.3879180499681055,1.0,1.3089969389957472,1.1724246410540546,0.20833333333333334,1.3089969389957472
-9,numeric,0.1768858252830887,0.9348640688209475,0.3077995738162472,1.0,1.3837967640812183,1.2579168674202736,0.22023809523809523,1.3837967640812183
+∞,numeric,0.10974182896485629,0.9739856709352455,0.19826407588937536,1.0,1.4585965891666897,1.3712098068008198,0.23214285714285715,1.4585965891666897
-∞,numeric,0.03730335196076285,0.9969530694814432,0.06850574562779414,1.0,1.5333964142521608,1.5022368843538558,0.244047619047619,1.5333964142521608
a,variable,-0.031246349686857106,0.994274968707837,-0.10218097783969583,1.0,1.6022122533307945,1.673155956414801,0.255,1.6022122533307945
b,variable,-0.09026422521940265,0.954895760257179,-0.282889477867956,1.0,1.6650441064025903,1.8576016356499139,0.265,1.6650441064025903
c,variable,-0.14319067261386562,0.9040703261031325,-0.40268260048847954,1.0,1.7278759594743862,1.9852420060300093,0.275,1.7278759594743862
d,variable,-0.19546779627168553,0.8744726519122381,-0.4439481069655197,1.0,1.7907078125461822,2.0307963267948965,0.28500000000000003,1.7907078125461822
x,variable,-0.25537162873136504,0.8789949115341484,-0.40268260048847954,1.0,1.853539665617978,1.9852420060300093,0.295,1.853539665617978
y,variable,-0.32490132747239175,0.9024481540333897,-0.2828894778679562,1.0,1.9163715186897736,1.857601635649914,0.305,1.9163715186897736
z,variable,-0.39506914930982595,0.9129509379103206,-0.10218097783969583,1.0,1.9792033717615696,1.673155956414801,0.315,1.9792033717615696
r,variable,-0.451614234284789,0.8863428406429914,0.10218097783969574,1.0,2.0420352248333655,1.4684366971749923,0.325,2.0420352248333655
E,variable,-0.48824835316919396,0.825582878298215,0.2828894778679563,1.0,2.104867077905161,1.283991017939879,0.33499999999999996,2.104867077905161
m,variable,-0.5144972172150268,0.7570596652456323,0.40268260048847965,1.0,2.1676989309769574,1.1563506475597838,0.34500000000000003,2.1676989309769574
F,variable,-0.5491968961767605,0.7080203722715498,0.4439481069655198,1.0,2.230530784048753,1.1107963267948966,0.355,2.230530784048753
A,variable,-0.6053249888307609,0.6866064237690138,0.40268260048847965,1.0,2.293362637120549,1.1563506475597838,0.365,2.293362637120549
?,variable,-0.6782232461776856,0.6782232461776857,0.2828894778679563,1.0,2.356194490192345,1.283991017939879,0.375,2.356194490192345
f,variable,-0.7461848574673927,0.6578504436831295,0.10218097783969618,1.0,2.419026343264141,1.4684366971749918,0.385,2.419026343264141
+,operator,-0.7924602914194524,0.5982466214403174,-0.11877569809789511,1.0,2.494948165725894,1.689853087542056,0.3970833333333333,2.494948165725894
-,operator,-0.8040183781548815,0.5014313730167219,-0.31956380543446855,1.0,2.583959957577605,1.8960654461407085,0.41125,2.583959957577605
×,operator,-0.8055607406731942,0.40780075983244635,-0.4298493147210242,1.0,2.6729717494293155,2.015122206887868,0.42541666666666667,2.6729717494293155
÷,operator,-0.8386227402001231,0.33457654767347755,-0.4298493147210242,1.0,2.7619835412810265,2.015122206887868,0.4395833333333333,2.7619835412810265
^,operator,-0.9078361169719453,0.2715005690188171,-0.31956380543446855,1.0,2.8509953331327376,1.8960654461407085,0.45375000000000004,2.8509953331327376
√,operator,-0.9728148066249277,0.19880564768804238,-0.11877569809789532,1.0,2.940007124984448,1.6898530875420563,0.4679166666666667,2.940007124984448
log,operator,-0.9866361847023709,0.11154090091668939,0.11877569809789522,1.0,3.029018916836159,1.451739566047737,0.48208333333333336,3.029018916836159
ln,operator,-0.9473017445835408,0.022324402908505004,0.3195638054344685,1.0,3.1180307086878702,1.2455272074490848,0.4962500000000001,3.1180307086878702
Σ,operator,-0.900967460931029,-0.05905252727327272,0.42984931472102433,1.0,3.207042500539581,1.126470446701925,0.5104166666666667,3.207042500539581
∫,operator,-0.8921511567960341,-0.13890961111947583,0.42984931472102433,1.0,3.2960542923912914,1.126470446701925,0.5245833333333334,3.2960542923912914
d/dx,operator,-0.9196177335401915,-0.22843423214273803,0.31956380543446866,1.0,3.3850660842430025,1.2455272074490846,0.5387500000000001,3.3850660842430025
lim,operator,-0.9385428969120801,-0.32408265025643984,0.11877569809789566,1.0,3.4740778760947135,1.4517395660477366,0.5529166666666667,3.4740778760947135
=,relation,-0.8924830997949712,-0.4156977049882596,-0.1751266246116035,1.0,3.5774886342753773,1.7468307056828378,0.5693750000000001,3.5774886342753773
≈,relation,-0.7749183242923092,-0.47906653450514564,-0.41230673799154627,1.0,3.6952983587849944,1.9957809117500884,0.588125,3.6952983587849944
<,relation,-0.7132387108961803,-0.5668277472794758,-0.41230673799154627,1.0,3.813108083294612,1.9957809117500884,0.606875,3.813108083294612
>,relation,-0.6934398454004795,-0.6989076091752797,-0.1751266246116035,1.0,3.930917807804229,1.7468307056828378,0.625625,3.930917807804229
≤,relation,-0.6064854558169752,-0.7755682157196893,0.17512662461160364,1.0,4.048727532313846,1.3947619479069553,0.644375,4.048727532313846
≥,relation,-0.4729656272490813,-0.7786569650671941,0.4123067379915464,1.0,4.166537256823463,1.1458117418397047,0.663125,4.166537256823463
→,relation,-0.37816593245854785,-0.828850819710355,0.4123067379915464,1.0,4.28434698133308,1.1458117418397047,0.6818749999999999,4.28434698133308
⇒,relation,-0.3005620116227434,-0.937546341532746,0.17512662461160386,1.0,4.402156705842698,1.394761947906955,0.700625,4.402156705842698
(,structure,-0.2072191120613446,-0.9624920285117453,-0.1751266246116035,1.0,4.5003314762673785,1.7468307056828378,0.7162499999999999,4.5003314762673785
),structure,-0.1212795416776497,-0.902936557337906,-0.41230673799154627,1.0,4.578871292607123,1.9957809117500884,0.7287499999999999,4.578871292607123
(),structure,-0.050062091537312385,-0.9096685884417908,-0.41230673799154627,1.0,4.657411108946868,1.9957809117500884,0.74125,4.657411108946868
[],structure,0.023195670304366447,-0.9842726381604223,-0.1751266246116035,1.0,4.735950925286613,1.7468307056828378,0.75375,4.735950925286613
{},structure,0.10034930693370832,-0.9794185427844783,0.17512662461160364,1.0,4.814490741626358,1.3947619479069553,0.76625,4.814490741626358
vector,structure,0.1636790426540045,-0.8962211361057264,0.4123067379915464,1.0,4.893030557966103,1.1458117418397047,0.77875,4.893030557966103
matrix,structure,0.23349117470165856,-0.8806162757655629,0.4123067379915464,1.0,4.971570374305848,1.1458117418397047,0.7912500000000001,4.971570374305848
set,structure,0.32621736568263554,-0.9289310500135238,0.17512662461160386,1.0,5.050110190645593,1.394761947906955,0.8037500000000001,5.050110190645593
π,constant,0.4034534521939097,-0.8573822287457664,-0.31956380543446855,1.0,5.152211951887261,1.8960654461407085,0.8200000000000001,5.152211951887261
e,constant,0.5077305883469327,-0.800055388028303,-0.31956380543446855,1.0,5.277875658030853,1.8960654461407085,0.8400000000000001,5.277875658030853
Φ,constant,0.6040005098181728,-0.7301111959117107,0.31956380543446866,1.0,5.403539364174445,1.2455272074490846,0.8600000000000001,5.403539364174445
i,constant,0.6907449824371649,-0.648652714088303,0.31956380543446866,1.0,5.529203070318037,1.2455272074490846,0.8800000000000001,5.529203070318037
X,uncertainty,0.7795051649649749,-0.538749173594882,-0.31956380543446855,1.0,5.678428721363551,1.8960654461407085,0.90375,5.678428721363551
Y,uncertainty,0.8605244684852558,-0.39670721369091466,-0.31956380543446855,1.0,5.85121631731099,1.8960654461407085,0.93125,5.85121631731099
Ω,uncertainty,0.9159161936134357,-0.2428507783247078,0.31956380543446866,1.0,6.024003913258428,1.2455272074490846,0.95875,6.024003913258428
Ø,uncertainty,0.9440307001242985,-0.0817619194923159,0.31956380543446866,1.0,6.196791509205867,1.2455272074490846,0.98625,6.196791509205867
