query_id,method,rank,candidate_id,score,is_target
Q1_pythagorean_partial,baseline_recompute,1,C5_pythagorean,0.7670030333464506,True
Q1_pythagorean_partial,baseline_recompute,2,C6_pythagorean_solve_r,0.6014828078084455,False
Q1_pythagorean_partial,baseline_recompute,3,C9_circle_center,0.5659764249846908,False
Q1_pythagorean_partial,baseline_recompute,4,C7_energy_mass,0.45422484578724975,False
Q1_pythagorean_partial,baseline_recompute,5,C10_area_circle,0.41283019824891765,False
Q1_pythagorean_partial,baseline_recompute,6,C3_simple_equation,0.39769908278211835,False
Q1_pythagorean_partial,baseline_recompute,7,C4_simple_solution,0.3925462139434994,False
Q1_pythagorean_partial,baseline_recompute,8,C1_linear_symbolic,0.36540355233914573,False
Q1_pythagorean_partial,baseline_recompute,9,C11_force,0.2821134145369171,False
Q1_pythagorean_partial,baseline_recompute,10,C12_omega_div_zero,0.2757222217057672,False
Q1_pythagorean_partial,baseline_recompute,11,C2_linear_rearranged,0.26060659986607687,False
Q1_pythagorean_partial,baseline_recompute,12,C8_energy_solve_c,0.24926496818469768,False
Q1_pythagorean_partial,baseline_recompute,13,C13_absence,0.022397487701797246,False
Q1_pythagorean_partial,geometric_imprint_cache,1,C5_pythagorean,0.7374290218624321,True
Q1_pythagorean_partial,geometric_imprint_cache,2,C9_circle_center,0.722797428647099,False
Q1_pythagorean_partial,geometric_imprint_cache,3,C7_energy_mass,0.66720731934624,False
Q1_pythagorean_partial,geometric_imprint_cache,4,C6_pythagorean_solve_r,0.6218995807439134,False
Q1_pythagorean_partial,geometric_imprint_cache,5,C10_area_circle,0.5514193435790561,False
Q1_pythagorean_partial,geometric_imprint_cache,6,C11_force,0.5153949755838743,False
Q1_pythagorean_partial,geometric_imprint_cache,7,C1_linear_symbolic,0.4919278929806443,False
Q1_pythagorean_partial,geometric_imprint_cache,8,C12_omega_div_zero,0.47406906260233017,False
Q1_pythagorean_partial,geometric_imprint_cache,9,C4_simple_solution,0.4723907156815326,False
Q1_pythagorean_partial,geometric_imprint_cache,10,C2_linear_rearranged,0.4610434116517006,False
Q1_pythagorean_partial,geometric_imprint_cache,11,C3_simple_equation,0.4276504625347211,False
Q1_pythagorean_partial,geometric_imprint_cache,12,C8_energy_solve_c,0.40416688429187914,False
Q1_pythagorean_partial,geometric_imprint_cache,13,C13_absence,0.12955830948472216,False
Q2_circle_partial,baseline_recompute,1,C9_circle_center,0.8792723772261775,True
Q2_circle_partial,baseline_recompute,2,C6_pythagorean_solve_r,0.5113559715385132,False
Q2_circle_partial,baseline_recompute,3,C5_pythagorean,0.4724453711147731,False
Q2_circle_partial,baseline_recompute,4,C2_linear_rearranged,0.383430695299182,False
Q2_circle_partial,baseline_recompute,5,C1_linear_symbolic,0.3546703298711633,False
Q2_circle_partial,baseline_recompute,6,C11_force,0.29904162269312545,False
Q2_circle_partial,baseline_recompute,7,C8_energy_solve_c,0.2862425207902434,False
Q2_circle_partial,baseline_recompute,8,C3_simple_equation,0.2821754535783138,False
Q2_circle_partial,baseline_recompute,9,C7_energy_mass,0.2693613937826091,False
Q2_circle_partial,baseline_recompute,10,C10_area_circle,0.2621863423906282,False
Q2_circle_partial,baseline_recompute,11,C4_simple_solution,0.23354527922257012,False
Q2_circle_partial,baseline_recompute,12,C12_omega_div_zero,0.17072388175600223,False
Q2_circle_partial,baseline_recompute,13,C13_absence,0.04214677268258576,False
Q2_circle_partial,geometric_imprint_cache,1,C9_circle_center,0.903860283428523,True
Q2_circle_partial,geometric_imprint_cache,2,C2_linear_rearranged,0.5991140391272456,False
Q2_circle_partial,geometric_imprint_cache,3,C11_force,0.5894780836366922,False
Q2_circle_partial,geometric_imprint_cache,4,C6_pythagorean_solve_r,0.5364713986463336,False
Q2_circle_partial,geometric_imprint_cache,5,C1_linear_symbolic,0.48949952006016206,False
Q2_circle_partial,geometric_imprint_cache,6,C5_pythagorean,0.48024393921392533,False
Q2_circle_partial,geometric_imprint_cache,7,C8_energy_solve_c,0.42315114174270657,False
Q2_circle_partial,geometric_imprint_cache,8,C10_area_circle,0.4227907848904724,False
Q2_circle_partial,geometric_imprint_cache,9,C3_simple_equation,0.4194365941401475,False
Q2_circle_partial,geometric_imprint_cache,10,C7_energy_mass,0.39834812249644075,False
Q2_circle_partial,geometric_imprint_cache,11,C4_simple_solution,0.3581037487167479,False
Q2_circle_partial,geometric_imprint_cache,12,C12_omega_div_zero,0.3310063937013214,False
Q2_circle_partial,geometric_imprint_cache,13,C13_absence,0.15714814652397693,False
Q3_energy_partial,baseline_recompute,1,C7_energy_mass,0.8111219157297873,True
Q3_energy_partial,baseline_recompute,2,C10_area_circle,0.477421933702081,False
Q3_energy_partial,baseline_recompute,3,C11_force,0.4573446065491486,False
Q3_energy_partial,baseline_recompute,4,C8_energy_solve_c,0.449137444659873,False
Q3_energy_partial,baseline_recompute,5,C2_linear_rearranged,0.4343202527944712,False
Q3_energy_partial,baseline_recompute,6,C5_pythagorean,0.3847090588574123,False
Q3_energy_partial,baseline_recompute,7,C6_pythagorean_solve_r,0.3353570254673843,False
Q3_energy_partial,baseline_recompute,8,C1_linear_symbolic,0.33201035954700164,False
Q3_energy_partial,baseline_recompute,9,C4_simple_solution,0.3244228971267294,False
Q3_energy_partial,baseline_recompute,10,C9_circle_center,0.3016328077040922,False
Q3_energy_partial,baseline_recompute,11,C3_simple_equation,0.26546996976709836,False
Q3_energy_partial,baseline_recompute,12,C12_omega_div_zero,0.26013229521479286,False
Q3_energy_partial,baseline_recompute,13,C13_absence,0.06057258336435454,False
Q3_energy_partial,geometric_imprint_cache,1,C7_energy_mass,0.7110447097206556,True
Q3_energy_partial,geometric_imprint_cache,2,C5_pythagorean,0.5787645328603687,False
Q3_energy_partial,geometric_imprint_cache,3,C11_force,0.575761515210553,False
Q3_energy_partial,geometric_imprint_cache,4,C8_energy_solve_c,0.5338155172427886,False
Q3_energy_partial,geometric_imprint_cache,5,C10_area_circle,0.5336883659964843,False
Q3_energy_partial,geometric_imprint_cache,6,C9_circle_center,0.5333718557113295,False
Q3_energy_partial,geometric_imprint_cache,7,C12_omega_div_zero,0.4745191923361227,False
Q3_energy_partial,geometric_imprint_cache,8,C4_simple_solution,0.4709225768361347,False
Q3_energy_partial,geometric_imprint_cache,9,C6_pythagorean_solve_r,0.4700051377593636,False
Q3_energy_partial,geometric_imprint_cache,10,C2_linear_rearranged,0.4653106104795663,False
Q3_energy_partial,geometric_imprint_cache,11,C1_linear_symbolic,0.441021778814354,False
Q3_energy_partial,geometric_imprint_cache,12,C3_simple_equation,0.42439364110466166,False
Q3_energy_partial,geometric_imprint_cache,13,C13_absence,0.2369779917589946,False
Q4_area_partial,baseline_recompute,1,C10_area_circle,0.8857487927893613,True
Q4_area_partial,baseline_recompute,2,C7_energy_mass,0.654499169793768,False
Q4_area_partial,baseline_recompute,3,C5_pythagorean,0.5121876977378143,False
Q4_area_partial,baseline_recompute,4,C6_pythagorean_solve_r,0.4843079391547878,False
Q4_area_partial,baseline_recompute,5,C4_simple_solution,0.46681713846163425,False
Q4_area_partial,baseline_recompute,6,C2_linear_rearranged,0.3568445605339757,False
Q4_area_partial,baseline_recompute,7,C8_energy_solve_c,0.3506030318461973,False
Q4_area_partial,baseline_recompute,8,C1_linear_symbolic,0.33340636134429286,False
Q4_area_partial,baseline_recompute,9,C3_simple_equation,0.31719163286875945,False
Q4_area_partial,baseline_recompute,10,C11_force,0.3114641269538854,False
Q4_area_partial,baseline_recompute,11,C12_omega_div_zero,0.2975710641947325,False
Q4_area_partial,baseline_recompute,12,C9_circle_center,0.2907328546237657,False
Q4_area_partial,baseline_recompute,13,C13_absence,-0.01899623678628587,False
Q4_area_partial,geometric_imprint_cache,1,C10_area_circle,0.925450104159355,True
Q4_area_partial,geometric_imprint_cache,2,C7_energy_mass,0.817258384849768,False
Q4_area_partial,geometric_imprint_cache,3,C6_pythagorean_solve_r,0.785156445025772,False
Q4_area_partial,geometric_imprint_cache,4,C5_pythagorean,0.7665948739253509,False
Q4_area_partial,geometric_imprint_cache,5,C4_simple_solution,0.6730860905316232,False
Q4_area_partial,geometric_imprint_cache,6,C8_energy_solve_c,0.6216136229945189,False
Q4_area_partial,geometric_imprint_cache,7,C1_linear_symbolic,0.5914702000217338,False
Q4_area_partial,geometric_imprint_cache,8,C12_omega_div_zero,0.5876841452781214,False
Q4_area_partial,geometric_imprint_cache,9,C3_simple_equation,0.5560084777002257,False
Q4_area_partial,geometric_imprint_cache,10,C2_linear_rearranged,0.5088015830834713,False
Q4_area_partial,geometric_imprint_cache,11,C9_circle_center,0.45456480427364987,False
Q4_area_partial,geometric_imprint_cache,12,C11_force,0.4531362438622878,False
Q4_area_partial,geometric_imprint_cache,13,C13_absence,0.0471482965915185,False
Q5_force_partial,baseline_recompute,1,C11_force,0.8453787737775345,True
Q5_force_partial,baseline_recompute,2,C2_linear_rearranged,0.49060481336614953,False
Q5_force_partial,baseline_recompute,3,C1_linear_symbolic,0.4178656491750585,False
Q5_force_partial,baseline_recompute,4,C7_energy_mass,0.404934915599044,False
Q5_force_partial,baseline_recompute,5,C4_simple_solution,0.398850342860449,False
Q5_force_partial,baseline_recompute,6,C8_energy_solve_c,0.382992052003477,False
Q5_force_partial,baseline_recompute,7,C3_simple_equation,0.33686613940530874,False
Q5_force_partial,baseline_recompute,8,C10_area_circle,0.33168402587635354,False
Q5_force_partial,baseline_recompute,9,C12_omega_div_zero,0.24562171253549187,False
Q5_force_partial,baseline_recompute,10,C9_circle_center,0.24059893921782888,False
Q5_force_partial,baseline_recompute,11,C5_pythagorean,0.21898793704228436,False
Q5_force_partial,baseline_recompute,12,C6_pythagorean_solve_r,0.212228243228136,False
Q5_force_partial,baseline_recompute,13,C13_absence,0.0343653585020192,False
Q5_force_partial,geometric_imprint_cache,1,C11_force,0.879042884370127,True
Q5_force_partial,geometric_imprint_cache,2,C2_linear_rearranged,0.7081601729928914,False
Q5_force_partial,geometric_imprint_cache,3,C1_linear_symbolic,0.6501902564537453,False
Q5_force_partial,geometric_imprint_cache,4,C8_energy_solve_c,0.5182026644614313,False
Q5_force_partial,geometric_imprint_cache,5,C9_circle_center,0.49124773479756767,False
Q5_force_partial,geometric_imprint_cache,6,C3_simple_equation,0.4790696817440627,False
Q5_force_partial,geometric_imprint_cache,7,C4_simple_solution,0.4430841011328946,False
Q5_force_partial,geometric_imprint_cache,8,C7_energy_mass,0.435461413637674,False
Q5_force_partial,geometric_imprint_cache,9,C10_area_circle,0.43325126148303816,False
Q5_force_partial,geometric_imprint_cache,10,C12_omega_div_zero,0.39011709264580535,False
Q5_force_partial,geometric_imprint_cache,11,C6_pythagorean_solve_r,0.3502452343673241,False
Q5_force_partial,geometric_imprint_cache,12,C5_pythagorean,0.3230783223516362,False
Q5_force_partial,geometric_imprint_cache,13,C13_absence,0.14594186063190717,False
Q6_pythagorean_re_equate,baseline_recompute,1,C5_pythagorean,0.9999999999999999,False
Q6_pythagorean_re_equate,baseline_recompute,2,C6_pythagorean_solve_r,0.742620191904675,True
Q6_pythagorean_re_equate,baseline_recompute,3,C10_area_circle,0.5978180048688897,False
Q6_pythagorean_re_equate,baseline_recompute,4,C9_circle_center,0.5868304470659009,False
Q6_pythagorean_re_equate,baseline_recompute,5,C7_energy_mass,0.5548635519010818,False
Q6_pythagorean_re_equate,baseline_recompute,6,C4_simple_solution,0.49963793958166447,False
Q6_pythagorean_re_equate,baseline_recompute,7,C3_simple_equation,0.4563432582185353,False
Q6_pythagorean_re_equate,baseline_recompute,8,C1_linear_symbolic,0.3877154808457497,False
Q6_pythagorean_re_equate,baseline_recompute,9,C8_energy_solve_c,0.3472351886827244,False
Q6_pythagorean_re_equate,baseline_recompute,10,C12_omega_div_zero,0.31451176605037356,False
Q6_pythagorean_re_equate,baseline_recompute,11,C2_linear_rearranged,0.2755605693935268,False
Q6_pythagorean_re_equate,baseline_recompute,12,C11_force,0.23437074341035524,False
Q6_pythagorean_re_equate,baseline_recompute,13,C13_absence,0.004315207395929804,False
Q6_pythagorean_re_equate,geometric_imprint_cache,1,C5_pythagorean,1.0,False
Q6_pythagorean_re_equate,geometric_imprint_cache,2,C6_pythagorean_solve_r,0.9065344848688596,True
Q6_pythagorean_re_equate,geometric_imprint_cache,3,C7_energy_mass,0.8588717811793424,False
Q6_pythagorean_re_equate,geometric_imprint_cache,4,C10_area_circle,0.8246373779306906,False
Q6_pythagorean_re_equate,geometric_imprint_cache,5,C4_simple_solution,0.7374382456429028,False
Q6_pythagorean_re_equate,geometric_imprint_cache,6,C12_omega_div_zero,0.6497123256785465,False
Q6_pythagorean_re_equate,geometric_imprint_cache,7,C8_energy_solve_c,0.6321203045908548,False
Q6_pythagorean_re_equate,geometric_imprint_cache,8,C3_simple_equation,0.6294298896606874,False
Q6_pythagorean_re_equate,geometric_imprint_cache,9,C1_linear_symbolic,0.578162680651247,False
Q6_pythagorean_re_equate,geometric_imprint_cache,10,C9_circle_center,0.562434864829307,False
Q6_pythagorean_re_equate,geometric_imprint_cache,11,C2_linear_rearranged,0.4594916421701407,False
Q6_pythagorean_re_equate,geometric_imprint_cache,12,C11_force,0.3752431321741513,False
Q6_pythagorean_re_equate,geometric_imprint_cache,13,C13_absence,0.08061779437547661,False
Q7_energy_re_equate,baseline_recompute,1,C7_energy_mass,0.9999999999999999,False
Q7_energy_re_equate,baseline_recompute,2,C10_area_circle,0.6772516798534308,False
Q7_energy_re_equate,baseline_recompute,3,C5_pythagorean,0.5548635519010818,False
Q7_energy_re_equate,baseline_recompute,4,C6_pythagorean_solve_r,0.5224815846473274,False
Q7_energy_re_equate,baseline_recompute,5,C4_simple_solution,0.49569807808945643,False
Q7_energy_re_equate,baseline_recompute,6,C8_energy_solve_c,0.48642933856520876,True
Q7_energy_re_equate,baseline_recompute,7,C2_linear_rearranged,0.4318730789988524,False
Q7_energy_re_equate,baseline_recompute,8,C11_force,0.42962580089244773,False
Q7_energy_re_equate,baseline_recompute,9,C1_linear_symbolic,0.4114253345535275,False
Q7_energy_re_equate,baseline_recompute,10,C3_simple_equation,0.32308187606479205,False
Q7_energy_re_equate,baseline_recompute,11,C9_circle_center,0.32037305794327764,False
Q7_energy_re_equate,baseline_recompute,12,C12_omega_div_zero,0.28521295853340983,False
Q7_energy_re_equate,baseline_recompute,13,C13_absence,-0.009908190468106176,False
Q7_energy_re_equate,geometric_imprint_cache,1,C7_energy_mass,1.0,False
Q7_energy_re_equate,geometric_imprint_cache,2,C10_area_circle,0.8614054005845793,False
Q7_energy_re_equate,geometric_imprint_cache,3,C5_pythagorean,0.8588717811793424,False
Q7_energy_re_equate,geometric_imprint_cache,4,C6_pythagorean_solve_r,0.7992770500804681,False
Q7_energy_re_equate,geometric_imprint_cache,5,C4_simple_solution,0.7063875572578611,False
Q7_energy_re_equate,geometric_imprint_cache,6,C8_energy_solve_c,0.6730944476913545,True
Q7_energy_re_equate,geometric_imprint_cache,7,C1_linear_symbolic,0.6260091682246807,False
Q7_energy_re_equate,geometric_imprint_cache,8,C12_omega_div_zero,0.6016212394265841,False
Q7_energy_re_equate,geometric_imprint_cache,9,C3_simple_equation,0.5604715087770389,False
Q7_energy_re_equate,geometric_imprint_cache,10,C2_linear_rearranged,0.5353967673209556,False
Q7_energy_re_equate,geometric_imprint_cache,11,C11_force,0.5044322340098062,False
Q7_energy_re_equate,geometric_imprint_cache,12,C9_circle_center,0.47418341004558034,False
Q7_energy_re_equate,geometric_imprint_cache,13,C13_absence,0.06897333639366467,False
Q8_simple_re_equate,baseline_recompute,1,C3_simple_equation,0.9999999999999999,False
Q8_simple_re_equate,baseline_recompute,2,C4_simple_solution,0.5637952440284693,True
Q8_simple_re_equate,baseline_recompute,3,C1_linear_symbolic,0.5341095039408471,False
Q8_simple_re_equate,baseline_recompute,4,C5_pythagorean,0.4563432582185353,False
Q8_simple_re_equate,baseline_recompute,5,C12_omega_div_zero,0.39500486856318867,False
Q8_simple_re_equate,baseline_recompute,6,C6_pythagorean_solve_r,0.3926294225330368,False
Q8_simple_re_equate,baseline_recompute,7,C10_area_circle,0.34602843194467975,False
Q8_simple_re_equate,baseline_recompute,8,C8_energy_solve_c,0.33613283209137024,False
Q8_simple_re_equate,baseline_recompute,9,C7_energy_mass,0.32308187606479205,False
Q8_simple_re_equate,baseline_recompute,10,C2_linear_rearranged,0.3143417314392224,False
Q8_simple_re_equate,baseline_recompute,11,C11_force,0.29306519348330995,False
Q8_simple_re_equate,baseline_recompute,12,C9_circle_center,0.2755594059948884,False
Q8_simple_re_equate,baseline_recompute,13,C13_absence,0.07758222687831953,False
Q8_simple_re_equate,geometric_imprint_cache,1,C3_simple_equation,1.0,False
Q8_simple_re_equate,geometric_imprint_cache,2,C4_simple_solution,0.8023810967873517,True
Q8_simple_re_equate,geometric_imprint_cache,3,C1_linear_symbolic,0.6873554840924166,False
Q8_simple_re_equate,geometric_imprint_cache,4,C12_omega_div_zero,0.6728252079530376,False
Q8_simple_re_equate,geometric_imprint_cache,5,C8_energy_solve_c,0.6660974769756172,False
Q8_simple_re_equate,geometric_imprint_cache,6,C6_pythagorean_solve_r,0.631732904404319,False
Q8_simple_re_equate,geometric_imprint_cache,7,C5_pythagorean,0.6294298896606874,False
Q8_simple_re_equate,geometric_imprint_cache,8,C10_area_circle,0.6225748895853835,False
Q8_simple_re_equate,geometric_imprint_cache,9,C7_energy_mass,0.5604715087770389,False
Q8_simple_re_equate,geometric_imprint_cache,10,C2_linear_rearranged,0.5487947757831848,False
Q8_simple_re_equate,geometric_imprint_cache,11,C11_force,0.44219701068251516,False
Q8_simple_re_equate,geometric_imprint_cache,12,C9_circle_center,0.3946386431711103,False
Q8_simple_re_equate,geometric_imprint_cache,13,C13_absence,0.2714719970092162,False
Q9_linear_re_equate,baseline_recompute,1,C1_linear_symbolic,0.9999999999999999,False
Q9_linear_re_equate,baseline_recompute,2,C2_linear_rearranged,0.6750360601894863,True
Q9_linear_re_equate,baseline_recompute,3,C3_simple_equation,0.5341095039408471,False
Q9_linear_re_equate,baseline_recompute,4,C11_force,0.5012621970038662,False
Q9_linear_re_equate,baseline_recompute,5,C7_energy_mass,0.4114253345535275,False
Q9_linear_re_equate,baseline_recompute,6,C5_pythagorean,0.3877154808457497,False
Q9_linear_re_equate,baseline_recompute,7,C8_energy_solve_c,0.37679750544702406,False
Q9_linear_re_equate,baseline_recompute,8,C4_simple_solution,0.3642401236007685,False
Q9_linear_re_equate,baseline_recompute,9,C9_circle_center,0.3596676258471464,False
Q9_linear_re_equate,baseline_recompute,10,C10_area_circle,0.3566817527235385,False
Q9_linear_re_equate,baseline_recompute,11,C6_pythagorean_solve_r,0.3490636996506046,False
Q9_linear_re_equate,baseline_recompute,12,C12_omega_div_zero,0.231030670274128,False
Q9_linear_re_equate,baseline_recompute,13,C13_absence,-0.03433521949728377,False
Q9_linear_re_equate,geometric_imprint_cache,1,C1_linear_symbolic,1.0,False
Q9_linear_re_equate,geometric_imprint_cache,2,C2_linear_rearranged,0.8552800298659504,True
Q9_linear_re_equate,geometric_imprint_cache,3,C11_force,0.7381440934957024,False
Q9_linear_re_equate,geometric_imprint_cache,4,C3_simple_equation,0.6873554840924166,False
Q9_linear_re_equate,geometric_imprint_cache,5,C7_energy_mass,0.6260091682246807,False
Q9_linear_re_equate,geometric_imprint_cache,6,C10_area_circle,0.6230490700114482,False
Q9_linear_re_equate,geometric_imprint_cache,7,C6_pythagorean_solve_r,0.612104779343635,False
Q9_linear_re_equate,geometric_imprint_cache,8,C8_energy_solve_c,0.5858298035519032,False
Q9_linear_re_equate,geometric_imprint_cache,9,C5_pythagorean,0.578162680651247,False
Q9_linear_re_equate,geometric_imprint_cache,10,C4_simple_solution,0.5618692899407483,False
Q9_linear_re_equate,geometric_imprint_cache,11,C9_circle_center,0.49809529243344275,False
Q9_linear_re_equate,geometric_imprint_cache,12,C12_omega_div_zero,0.48538647167298254,False
Q9_linear_re_equate,geometric_imprint_cache,13,C13_absence,0.013966184541191654,False
