query_id,mode,query_expression,target_id,target_expression,target_family,recompute_top_id,recompute_exact,recompute_target_rank,recompute_top_score,cache_top_id,cache_exact,cache_target_rank,cache_top_score,family_correct_cache,baseline_cost_proxy,cached_cost_proxy,speedup_proxy,cost_reduction,actual_recompute_ms,actual_cache_ms,actual_speedup_ms
Q1_pythagorean_partial,partial_retrieval,x ^ 2 + y ^ 2 = ?,C5_pythagorean,x ^ 2 + y ^ 2 = r ^ 2,metric,C5_pythagorean,True,1,0.7670030333464506,C5_pythagorean,True,1,0.7374290218624321,True,213.24,27.86,7.653984206748026,0.8693490902269743,23.86462100002973,0.94314200032386,25.30331698920735
Q2_circle_partial,partial_retrieval,( x - a ) ^ 2 + ( y - b ) ^ 2 = ?,C9_circle_center,( x - a ) ^ 2 + ( y - b ) ^ 2 = r ^ 2,metric,C9_circle_center,True,1,0.8792723772261775,C9_circle_center,True,1,0.903860283428523,True,316.12,45.46000000000001,6.9538055433347985,0.8561938504365431,28.276293000089936,1.4832550004939549,19.06367616537503
Q3_energy_partial,partial_retrieval,E = m c ^ ?,C7_energy_mass,E = m c ^ 2,physics,C7_energy_mass,True,1,0.8111219157297873,C7_energy_mass,True,1,0.7110447097206556,True,174.66,21.26,8.215428033866415,0.8782777968624756,17.218204000528203,0.7893059992056806,21.814358459020674
Q4_area_partial,partial_retrieval,A = π ? ^ 2,C10_area_circle,A = π r ^ 2,geometry,C10_area_circle,True,1,0.8857487927893613,C10_area_circle,True,1,0.925450104159355,True,174.66,21.26,8.215428033866415,0.8782777968624756,20.933044999765116,1.1027529999410035,18.98253280733312
Q5_force_partial,partial_retrieval,F = m ?,C11_force,F = m a,physics,C11_force,True,1,0.8453787737775345,C11_force,True,1,0.879042884370127,True,148.94,16.86,8.833926453143535,0.8868000537129045,19.77345700015576,0.6199959998411941,31.89287834957086
Q6_pythagorean_re_equate,cached_transformation,x ^ 2 + y ^ 2 = r ^ 2,C6_pythagorean_solve_r,r = √ ( x ^ 2 + y ^ 2 ),metric,C5_pythagorean,False,2,0.9999999999999999,C6_pythagorean_solve_r,True,1,1.0,True,238.95999999999998,8.860000000000001,26.9706546275395,0.9629226648811516,21.07711200005724,1.0386759995526518,20.292287497867438
Q7_energy_re_equate,cached_transformation,E = m c ^ 2,C8_energy_solve_c,c = √ ( E ÷ m ),physics,C7_energy_mass,False,6,0.9999999999999999,C8_energy_solve_c,True,1,1.0,True,174.66,8.860000000000001,19.713318284424375,0.9492728730104203,17.017639000187046,0.7829839996702503,21.73433813124398
Q8_simple_re_equate,cached_transformation,x + 1 = 3,C4_simple_solution,x = 2,simple_solve,C3_simple_equation,False,2,0.9999999999999999,C4_simple_solution,True,1,1.0,True,161.79999999999998,8.860000000000001,18.26185101580135,0.9452410383189123,16.460829999232374,0.9084270004677819,18.12014613255231
Q9_linear_re_equate,cached_transformation,a + b = c,C2_linear_rearranged,a = c - b,linear,C1_linear_symbolic,False,2,0.9999999999999999,C2_linear_rearranged,True,1,1.0,True,161.79999999999998,8.860000000000001,18.26185101580135,0.9452410383189123,16.53926299968589,0.7408569999824977,22.324501219637014
