candidate_id,expr,family,center_state,n_tokens,loop_length,centroid_x,centroid_y,centroid_z,normal_x,normal_y,normal_z
C1_linear_symbolic,a + b = c,linear,Y,5,5.162427717446455,-0.3899289277469098,0.6071579943040413,-0.216331075781126,0.6654117652852721,-0.7369748663693142,0.11872332946758772
C2_linear_rearranged,a = c - b,linear,Y,5,5.035501999706875,-0.3922405450939956,0.5877949446193222,-0.2564886972484407,0.854385138241927,-0.42324169767253295,-0.3014838319091016
C3_simple_equation,x + 1 = 3,simple_solve,Y,5,7.682694727172901,-0.015208287574440548,0.2819675167543544,-0.2565534098110917,0.5072929085699447,0.39625926257340616,0.7652662946578962
C4_simple_solution,x = 2,simple_solve,Y,3,4.724436994216693,-0.07099688656846292,0.21339434394299248,-0.29520293297211003,0.01426416354822617,0.16257819333530613,0.9865925525210989
C5_pythagorean,x ^ 2 + y ^ 2 = r ^ 2,metric,Y,11,15.250547128786344,-0.2396133387414512,0.3814085459607549,-0.25085305099803507,-0.5202318709699512,-0.3138202506109076,0.7942768098928806
C6_pythagorean_solve_r,r = √ ( x ^ 2 + y ^ 2 ),metric,Y,12,16.494717916611652,-0.33034067819740726,0.17337372275873245,-0.23651910353572625,-0.12448983285436221,-0.532773043104979,0.8370514715694329
C7_energy_mass,E = m c ^ 2,physics,Y,6,8.13767206388222,-0.3352318984906759,0.4199002598267709,-0.08660008766572713,-0.49842328140586545,-0.4480466983639546,0.7421781380758725
C8_energy_solve_c,c = √ ( E ÷ m ),physics,Y,8,11.032504943682682,-0.5222944429196378,0.0923710967713236,-0.12853694027071455,0.3082884167685202,0.2345847224210023,0.9219155384811673
C9_circle_center,( x - a ) ^ 2 + ( y - b ) ^ 2 = r ^ 2,metric,Y,19,28.243409540633124,-0.26433112446578816,0.17982475309828747,-0.26097096593480384,0.0038748449925874403,-0.045230876226891883,-0.9989690452721901
C10_area_circle,A = π r ^ 2,geometry,Y,6,9.101510027065316,-0.2531568198112682,0.12470928749664745,-0.10286503849476873,0.05729723229861943,-0.5334267667984915,0.8439033781386502
C11_force,F = m a,physics,Y,4,4.158637587883112,-0.4968558907184039,0.5109143253091899,0.14233077625067503,0.5566146557539698,-0.3144830649013095,-0.7689476750014713
C12_omega_div_zero,x ÷ 0,omega,Ω,3,4.248208893428872,-0.0323470998166816,0.4169582703894629,-0.30034588694576575,-0.1735205256269307,0.14404431830941353,0.9742391192869079
C13_absence,Ø,absence,Ø,1,0.0,0.9440307001242985,-0.0817619194923159,0.31956380543446866,0.0,1.0,0.0
